name,N,J,noise,periodic,beta,gamma,mean_degree,r_mean,alpha,Tc,participation_fraction,avg_internal_degree,n_components,largest_component_fraction
SD,1999,1.0,1e-10,False,1.01,6.01,10,0.530290322105934,1.5777164611126717,15.692999367381011,0.3301183234298838,5.81,3,0.99
SD,2000,1.0,1e-10,False,1.01,6.01,10,0.5241051353925421,1.5778671463235914,15.680669498718391,0.359530479487465,5.69,1,1.0
SD,2000,1.0,1e-10,False,1.01,6.01,10,0.5478260853370173,1.5772177723532386,15.458297362125242,0.3604797706364446,5.89,1,1.0
SD,2000,1.0,1e-10,False,1.01,6.01,10,0.5482106562436113,1.5762169441253109,15.183485665145719,0.41506811639293706,5.35,1,1.0
SD,2000,1.0,1e-10,False,1.21,6.01,10,0.5257538719252062,1.5782743125403536,16.850848920116256,0.04177880400360551,8.58,1,1.0
SD,2000,1.0,1e-10,False,1.21,6.01,10,0.5420762444789198,1.578907653890919,17.350615026904734,0.09309544502634767,9.05,1,1.0
SD,2000,1.0,1e-10,False,1.21,6.01,10,0.552670869726103,1.5737130693598167,15.989376304155854,0.27726905439379906,6.81,1,1.0
SD,2000,1.0,1e-10,False,1.21,6.01,10,0.5190803733997393,1.572502107768461,15.740257434625178,0.3574375080158499,6.11,3,0.99
SD,1998,1.0,1e-10,False,1.41,6.01,10,0.5202436082355764,1.5632650517905204,15.582025713321965,0.08426917380989675,7.46,3,0.99
SD,2000,1.0,1e-10,False,1.41,6.01,10,0.5305770626765007,1.5692348852854674,15.9794051200865,0.20235871052182736,7.71,2,0.995
SD,2000,1.0,1e-10,False,1.41,6.01,10,0.5407868011182666,1.56708361507962,15.851400994881416,0.04222412253736031,7.4,1,1.0
SD,2000,1.0,1e-10,False,1.41,6.01,10,0.5459796751170009,1.5733822118731398,16.900224639814265,0.03474597984160311,9.59,1,1.0
SD,2000,1.0,1e-10,False,1.6099999999999999,6.01,10,0.5358120237265226,1.5807628475474942,19.36688071930035,0.015030628810629132,8.76,1,1.0
SD,2000,1.0,1e-10,False,1.6099999999999999,6.01,10,0.5412218338542362,1.5628938990357506,16.55709397207257,0.021625481713682167,9.75,2,0.995
SD,1999,1.0,1e-10,False,1.6099999999999999,6.01,10,0.5258629800105524,1.5843348833794,20.385566196674112,0.031792261421415585,10.65,1,1.0
SD,2000,1.0,1e-10,False,1.6099999999999999,6.01,10,0.536041623717333,1.5650199599332342,17.049148699415287,0.030719733086137364,10.41,1,1.0
SD,2000,1.0,1e-10,False,1.8099999999999998,6.01,10,0.5335189931769305,1.5748630325922186,18.513820366029673,0.022371039973463566,10.63,1,1.0
SD,1999,1.0,1e-10,False,1.8099999999999998,6.01,10,0.5324844681389669,1.5873213628970189,21.780041712371446,0.015963167722973837,9.82,1,1.0
SD,2000,1.0,1e-10,False,1.8099999999999998,6.01,10,0.5436749068537835,1.5764269952653291,15.34761150820404,0.018784000659195627,9.76,1,1.0
SD,1998,1.0,1e-10,False,1.8099999999999998,6.01,10,0.5367500797112541,1.5712145783213558,17.882286526449516,0.017120722576829853,9.02,1,1.0
SD,2000,1.0,1e-10,False,2.01,6.01,10,0.5220935960797074,1.5839812121811776,21.059564055877935,0.012073548965876838,9.32,1,1.0
SD,2000,1.0,1e-10,False,2.01,6.01,10,0.5400553784612218,1.5718040907538449,18.65330815459832,0.029863334346564466,10.26,1,1.0
SD,2000,1.0,1e-10,False,2.01,6.01,10,0.5349360951281114,1.564291935919301,17.334925827734452,0.024015255239730294,9.99,1,1.0
SD,2000,1.0,1e-10,False,2.01,6.01,10,0.5201335074140925,1.580014519448206,20.749491968081962,0.01399256299131524,9.28,1,1.0
SD,2000,1.0,1e-10,False,2.21,6.01,10,0.5337243610073564,1.6144066843268112,20.396062728897807,0.02315105856523818,10.89,1,1.0
SD,2000,1.0,1e-10,False,2.21,6.01,10,0.5184543042770655,1.5735671130750504,19.301704468243955,0.023583550019591813,10.82,1,1.0
SD,2000,1.0,1e-10,False,2.21,6.01,10,0.5434841654518655,1.572157344867191,19.31566787230579,0.018018143210530062,10.82,1,1.0
SD,2000,1.0,1e-10,False,2.21,6.01,10,0.5279264705228399,1.573328010762285,19.443278212122713,0.011931191543484201,11.14,1,1.0
SD,2000,1.0,1e-10,False,2.41,6.01,10,0.5078354171508106,1.5514650251692241,17.49965250772786,0.011493106486629965,9.49,1,1.0
SD,2000,1.0,1e-10,False,2.41,6.01,10,0.5321663173092741,1.5799336163263054,21.115078797998976,0.013918435345737721,11.11,1,1.0
SD,2000,1.0,1e-10,False,2.41,6.01,10,0.5153352095887835,1.589246494477223,25.159880536400102,0.015658068864870305,10.89,1,1.0
SD,2000,1.0,1e-10,False,2.41,6.01,10,0.5010789777411501,1.574485255122442,20.756168022063125,0.02001979305047374,12.25,1,1.0
SD,2000,1.0,1e-10,False,2.6100000000000003,6.01,10,0.47409482205267495,1.5787711611292057,21.72688894153904,0.012347007777672461,11.67,1,1.0
SD,2000,1.0,1e-10,False,2.6100000000000003,6.01,10,0.4862513430548911,1.5516993161717425,16.76963945036595,0.01407685415519635,9.7,1,1.0
SD,2000,1.0,1e-10,False,2.6100000000000003,6.01,10,0.48340172225428557,1.5705190195403151,20.340921020374747,0.014055450642174767,10.33,1,1.0
SD,2000,1.0,1e-10,False,2.6100000000000003,6.01,10,0.4923925121440621,1.5702198510805399,19.71398539373691,0.012926776304558246,8.94,1,1.0
SD,2000,1.0,1e-10,False,2.8100000000000005,6.01,10,0.46839227722186166,1.5685761228890382,20.134108094591326,0.015099656638935552,11.77,1,1.0
SD,2000,1.0,1e-10,False,2.8100000000000005,6.01,10,0.44428878001498257,1.5835543399576895,22.29431702802281,0.01586086806210976,11.43,1,1.0
SD,2000,1.0,1e-10,False,2.8100000000000005,6.01,10,0.4572734145560037,1.579969006803229,21.91183693512568,0.01453998041947573,11.57,1,1.0
SD,2000,1.0,1e-10,False,2.8100000000000005,6.01,10,0.4581974154384647,1.544841784785467,16.888561902196194,0.03223226595378028,10.83,1,1.0
SD,1999,1.0,1e-10,False,3.0100000000000007,6.01,10,0.44250984327796833,1.557391589416314,18.294137163773105,0.010635091180694204,10.74,1,1.0
SD,2000,1.0,1e-10,False,3.0100000000000007,6.01,10,0.4200950563422378,1.57850978068647,21.555444182820757,0.015800757005613852,10.65,1,1.0
SD,2000,1.0,1e-10,False,3.0100000000000007,6.01,10,0.43850380095044383,1.5761006114945357,20.94485831130924,0.014608275541258611,10.9,1,1.0
SD,2000,1.0,1e-10,False,3.0100000000000007,6.01,10,0.4315507461346736,1.5673742571607814,20.155405195592945,0.01330628015826627,11.47,1,1.0
SD,2000,1.0,1e-10,False,3.210000000000001,6.01,10,0.40359314707195676,1.574676271960038,21.840356126561016,0.015610025562445526,11.71,1,1.0
SD,2000,1.0,1e-10,False,3.210000000000001,6.01,10,0.403931489668962,1.5429463551158356,17.132070077175456,0.0115221886059976,9.99,1,1.0
SD,2000,1.0,1e-10,False,3.210000000000001,6.01,10,0.4082300266490372,1.5797186264257925,22.90383332436153,0.0163019181642989,11.26,1,1.0
SD,2000,1.0,1e-10,False,3.210000000000001,6.01,10,0.4278960955870636,1.5751196878942404,20.63344985284506,0.015410900247998243,10.96,1,1.0
SD,2000,1.0,1e-10,False,3.410000000000001,6.01,10,0.4183784582410568,1.5681795173183164,20.776056915283483,0.030942113218643555,12.32,1,1.0
SD,2000,1.0,1e-10,False,3.410000000000001,6.01,10,0.39489531674811845,1.5820217756307342,23.464224389241128,0.01455468580999016,11.97,1,1.0
SD,1999,1.0,1e-10,False,3.410000000000001,6.01,10,0.43050791177757614,1.5648170917408266,19.740285452828626,0.012393379302182332,11.22,1,1.0
SD,2000,1.0,1e-10,False,3.410000000000001,6.01,10,0.4050278326827101,1.5578583362949403,18.509799786948026,0.010875332891967317,10.44,1,1.0
SD,2000,1.0,1e-10,False,3.610000000000001,6.01,10,0.39936893555983627,1.5782956543677664,22.576995018576895,0.010862481029615755,10.38,1,1.0
SD,2000,1.0,1e-10,False,3.610000000000001,6.01,10,0.4324077280573776,1.5694740387955135,20.71965231057415,0.012715264246083753,11.32,1,1.0
SD,1999,1.0,1e-10,False,3.610000000000001,6.01,10,0.41656854687545464,1.5756826755690714,21.608339400788218,0.011073796783100266,9.09,1,1.0
SD,2000,1.0,1e-10,False,3.610000000000001,6.01,10,0.4073132607875731,1.5838058079906188,23.365361807098736,0.011511154859473032,11.43,1,1.0
SD,1999,1.0,1e-10,False,3.8100000000000014,6.01,10,0.398084467351426,1.5623523165766293,20.221995077836514,0.012716938631529517,9.04,1,1.0
SD,2000,1.0,1e-10,False,3.8100000000000014,6.01,10,0.3957806056515048,1.5778767595622791,22.484249852177744,0.011650265781489035,10.44,1,1.0
SD,2000,1.0,1e-10,False,3.8100000000000014,6.01,10,0.4029983555313851,1.5792843245762838,21.914394594753766,0.014919928052792871,10.14,1,1.0
SD,2000,1.0,1e-10,False,3.8100000000000014,6.01,10,0.40048185128553215,1.582323611084844,23.59575820252704,0.012030240167582855,11.03,1,1.0
SD,2000,1.0,1e-10,False,4.010000000000002,6.01,10,0.39665211937384953,1.585108039124094,23.816208838805125,0.011527489724404037,10.74,1,1.0
SD,1999,1.0,1e-10,False,4.010000000000002,6.01,10,0.4127902480001491,1.583018102863135,23.288694661572922,0.015008258322417188,12.04,1,1.0
SD,2000,1.0,1e-10,False,4.010000000000002,6.01,10,0.3875692668934108,1.5737657863202423,21.425833401208312,0.011697062162211856,11.41,1,1.0
SD,2000,1.0,1e-10,False,4.010000000000002,6.01,10,0.3981081456786795,1.5862397232140217,24.28438365004967,0.014575489109260086,10.04,1,1.0
SD,1938,1.0,1e-10,False,4.210000000000002,6.01,10,0.39625759888118417,1.5722150045734968,20.669934054917857,0.012987280508222915,10.515463917525773,1,1.0
SD,2000,1.0,1e-10,False,4.210000000000002,6.01,10,0.3880810650005838,1.5776963996026188,21.919936082750095,0.01815478610515578,10.77,1,1.0
SD,2000,1.0,1e-10,False,4.210000000000002,6.01,10,0.4054950490897534,1.564255341511002,19.75632022410182,0.010534705930644955,10.51,1,1.0
SD,2000,1.0,1e-10,False,4.210000000000002,6.01,10,0.3921494438929027,1.5704743337689686,20.604051972549172,0.01295357882231567,10.6,1,1.0
SD,2000,1.0,1e-10,False,4.410000000000002,6.01,10,0.3995600865128357,1.5881590273880017,25.1065474786245,0.013609373978965007,11.86,1,1.0
SD,1999,1.0,1e-10,False,4.410000000000002,6.01,10,0.41267490825805625,1.5625282342114157,19.903914050490773,0.011630289057700588,11.47,1,1.0
SD,2000,1.0,1e-10,False,4.410000000000002,6.01,10,0.3954550714231132,1.5472200714921653,18.281270552164592,0.010732350991505607,8.94,1,1.0
SD,2000,1.0,1e-10,False,4.410000000000002,6.01,10,0.40511775641469294,1.5914050392464627,27.08078690640657,0.016335599965847648,12.42,1,1.0
SD,1492,1.0,1e-10,False,4.610000000000002,6.01,10,0.3965360289759071,1.5688126532484241,20.20115998295276,0.0184289299661051,9.933333333333334,1,1.0
SD,1627,1.0,1e-10,False,4.610000000000002,6.01,10,0.4165396105536043,1.5674034151723333,20.43629172875902,0.015012091286088483,11.325153374233128,1,1.0
SD,2000,1.0,1e-10,False,4.610000000000002,6.01,10,0.3892883229208476,1.5691866809885004,19.777078526921276,0.017355381165154574,10.95,1,1.0
SD,2000,1.0,1e-10,False,4.610000000000002,6.01,10,0.4008409663364953,1.5737607475378907,20.211133839699563,0.010845667273214576,9.56,1,1.0
SD,2000,1.0,1e-10,False,4.810000000000002,6.01,10,0.3999821154524089,1.5780674684597147,21.751550604339023,0.012004081705964252,9.84,1,1.0
SD,1010,1.0,1e-10,False,4.810000000000002,6.01,10,0.39311998837884143,1.5588284158497958,17.373447912349473,0.020920163101582737,11.188118811881187,1,1.0
SD,2000,1.0,1e-10,False,4.810000000000002,6.01,10,0.4042397898418867,1.5826114747342868,24.111639060120904,0.01145810161822183,9.84,1,1.0
SD,2000,1.0,1e-10,False,4.810000000000002,6.01,10,0.3946064466719048,1.5906312413203842,26.47771165483745,0.012350524716099034,10.74,1,1.0
SD,2000,1.0,1e-10,False,5.0100000000000025,6.01,10,0.37912877578313636,1.5889834262126092,24.838859499487565,0.01316907036351376,11.0,1,1.0
SD,1999,1.0,1e-10,False,5.0100000000000025,6.01,10,0.4034992973557361,1.5829461583590116,23.349756846220668,0.011255741604889973,9.42,1,1.0
SD,2000,1.0,1e-10,False,5.0100000000000025,6.01,10,0.40223272786560776,1.576538208329067,22.650703800044834,0.011798483823581084,10.46,1,1.0
SD,2000,1.0,1e-10,False,5.0100000000000025,6.01,10,0.3884255022441421,1.5772952365304644,21.681018766000758,0.01229876643802561,10.05,1,1.0
SD,1999,1.0,1e-10,False,5.210000000000003,6.01,10,0.4028984388012251,1.5754006200805295,17.51264584593434,0.012330779097781618,9.61,1,1.0
SD,1733,1.0,1e-10,False,5.210000000000003,6.01,10,0.4123693451371596,1.5785912892684422,22.504064517466453,0.011953034023627972,11.28735632183908,1,1.0
SD,2000,1.0,1e-10,False,5.210000000000003,6.01,10,0.3760399666602229,1.572688241512426,21.475978147287254,0.013254764972208625,12.12,1,1.0
SD,1006,1.0,1e-10,False,5.210000000000003,6.01,10,0.37839318404113137,1.5782163853773354,20.684557661949295,0.024738358556234394,11.247524752475247,1,1.0
SD,959,1.0,1e-10,False,5.410000000000003,6.01,10,0.38130417804757893,1.5817422304676085,21.92617909655671,0.022943362253031303,11.270833333333334,1,1.0
SD,2000,1.0,1e-10,False,5.410000000000003,6.01,10,0.40417666416372194,1.5730213006776774,22.27929857736855,0.011324669952645146,10.92,1,1.0
SD,586,1.0,1e-10,False,5.410000000000003,6.01,10,0.4046735817821451,1.583343409839939,20.20652280091438,0.03898687774158131,11.627118644067796,1,1.0
SD,2000,1.0,1e-10,False,5.410000000000003,6.01,10,0.3906838531787126,1.5726250921316427,21.154711102421548,0.015525736201924335,9.76,1,1.0
SD,1543,1.0,1e-10,False,5.610000000000003,6.01,10,0.41148920933269945,1.5802723586284917,22.58421538098677,0.01954711560324087,12.451612903225806,1,1.0
SD,1047,1.0,1e-10,False,5.610000000000003,6.01,10,0.4121076880043501,1.573762714525078,20.306722045091263,0.0324160420757153,12.571428571428571,1,1.0
SD,807,1.0,1e-10,False,5.610000000000003,6.01,10,0.4127187401931852,1.5819503868014346,21.74484030676243,0.029688801270869574,11.728395061728396,1,1.0
SD,1015,1.0,1e-10,False,5.610000000000003,6.01,10,0.39050462026348737,1.5586620363977375,17.186840696708845,0.027923847488549636,12.470588235294118,1,1.0
SD,1995,1.0,1e-10,False,5.810000000000003,6.01,10,0.3945164472552328,1.5812516975735844,23.97865851250148,0.012116350035025461,10.46,1,1.0
SD,1008,1.0,1e-10,False,5.810000000000003,6.01,10,0.39638989082597165,1.5821599007872027,21.542512432439047,0.019954678889602128,10.871287128712872,1,1.0
SD,738,1.0,1e-10,False,5.810000000000003,6.01,10,0.4053078449361555,1.5684709075397083,18.123324555323194,0.028440576237635653,10.567567567567568,1,1.0
SD,1953,1.0,1e-10,False,5.810000000000003,6.01,10,0.38806081106114443,1.5854812608826658,24.07008659251906,0.01543952300977826,12.153061224489797,1,1.0
SD,779,1.0,1e-10,False,6.010000000000003,6.01,10,0.3973547230175829,1.5731473396564766,18.950165266198717,0.03601627016387392,12.487179487179487,1,1.0
SD,1641,1.0,1e-10,False,6.010000000000003,6.01,10,0.39318303080367834,1.5488433772170598,18.089287294099766,0.012380847918353364,10.426829268292684,1,1.0
SD,776,1.0,1e-10,False,6.010000000000003,6.01,10,0.412438576193602,1.582427954663532,21.91815068854448,0.02726263873985993,10.384615384615385,1,1.0
SD,693,1.0,1e-10,False,6.010000000000003,6.01,10,0.4139349107129223,1.590154324065031,22.478487899683415,0.036260365181452356,12.685714285714285,1,1.0
SD,950,1.0,1e-10,False,6.2100000000000035,6.01,10,0.4251735060677484,2.7726756358394335,4.2753857113166145,0.026430893405140914,11.347368421052632,1,1.0
SD,715,1.0,1e-10,False,6.2100000000000035,6.01,10,0.4050595819453345,1.5849524272057758,21.838553629853852,0.037423811155693855,12.61111111111111,1,1.0
SD,980,1.0,1e-10,False,6.2100000000000035,6.01,10,0.4046334378382318,1.5812224034290883,19.880315186507556,0.02673538807505452,12.10204081632653,1,1.0
SD,1047,1.0,1e-10,False,6.2100000000000035,6.01,10,0.41029698163308614,1.5762641998142195,21.075821620477505,0.019953058259463887,11.542857142857143,1,1.0
SD,508,1.0,1e-10,False,6.410000000000004,6.01,10,0.3865270390947646,1.586677622168641,20.537291707124282,0.04009361823099731,11.882352941176471,1,1.0
SD,1043,1.0,1e-10,False,6.410000000000004,6.01,10,0.4034540712085938,1.5845775072024733,22.951832108406958,0.027226799043124326,13.276190476190477,1,1.0
SD,711,1.0,1e-10,False,6.410000000000004,6.01,10,0.4184889661048524,1.5929042350205753,23.06997203005528,0.029788853987203982,12.253521126760564,1,1.0
SD,528,1.0,1e-10,False,6.410000000000004,6.01,10,0.4084981838325732,1.587461300744152,21.11435632654375,0.04866555362812772,12.830188679245284,1,1.0
SD,654,1.0,1e-10,False,6.610000000000004,6.01,10,0.3870421097296981,1.5859153050825021,17.45078355768757,0.027829335336773106,8.848484848484848,1,1.0
SD,647,1.0,1e-10,False,6.610000000000004,6.01,10,0.3965671551370259,1.588023451326915,22.08799930631658,0.03664162966720385,12.4,1,1.0
SD,684,1.0,1e-10,False,6.610000000000004,6.01,10,0.4229944379845619,1.5790916535987378,16.846115678064006,0.05645237715839512,12.202898550724637,1,1.0
SD,929,1.0,1e-10,False,6.610000000000004,6.01,10,0.3732697765235074,1.6133539590901003,18.600724026607907,0.025753963418241814,10.258064516129032,1,1.0
SD,900,1.0,1e-10,False,6.810000000000004,6.01,10,0.38481545875326234,1.5694803425332933,18.79500803941348,0.02303371557843906,10.177777777777777,1,1.0
SD,496,1.0,1e-10,False,6.810000000000004,6.01,10,0.4139800270609531,2.657724803232499,3.02970857347825,0.0373502709998999,10.12,1,1.0
SD,933,1.0,1e-10,False,6.810000000000004,6.01,10,0.39960800031413496,1.5805818698866407,20.561402769685472,0.024568355049281187,11.638297872340425,1,1.0
SD,518,1.0,1e-10,False,6.810000000000004,6.01,10,0.3961753388775248,1.574029818586811,18.585929501910105,0.04638673517596092,12.73076923076923,1,1.0
SD,1502,1.0,1e-10,False,7.010000000000004,6.01,10,0.38268532738110284,1.559196904318178,18.39982242415684,0.01677447029074811,9.973509933774835,1,1.0
SD,674,1.0,1e-10,False,7.010000000000004,6.01,10,0.38381563875074604,2.1013738797680577,11.188209594289201,0.034011926498070964,12.176470588235293,1,1.0
SD,366,1.0,1e-10,False,7.010000000000004,6.01,10,0.40418102397803174,1.591290709398252,19.643351272511037,0.07639753431728992,12.378378378378379,1,1.0
SD,521,1.0,1e-10,False,7.010000000000004,6.01,10,0.4279720313614405,1.575169933571518,17.88626035995807,0.03944790336443504,11.73076923076923,1,1.0
SD,716,1.0,1e-10,False,7.210000000000004,6.01,10,0.4087767855274551,1.5752974747195356,19.430122116067096,0.03258146361285661,12.027777777777779,1,1.0
SD,952,1.0,1e-10,False,7.210000000000004,6.01,10,0.4029680029966751,1.5622509162693916,17.26419131993448,0.024044668316045074,10.583333333333334,1,1.0
SD,1511,1.0,1e-10,False,7.210000000000004,6.01,10,0.39269639242499205,1.5920261615394549,27.70139773950614,0.01706089694828724,12.490066225165563,1,1.0
SD,778,1.0,1e-10,False,7.210000000000004,6.01,10,0.43540708509288767,1.5564906484356738,17.26600287382802,0.02225876646082167,9.564102564102564,1,1.0
SD,685,1.0,1e-10,False,7.410000000000005,6.01,10,0.41585260751427017,1.5765776153918836,19.821982940358826,0.03810078391046801,11.101449275362318,1,1.0
SD,984,1.0,1e-10,False,7.410000000000005,6.01,10,0.39326075774224034,1.5818676234904998,21.90441237190373,0.02919915328287897,12.484848484848484,1,1.0
SD,1199,1.0,1e-10,False,7.410000000000005,6.01,10,0.3867431418588405,1.5829889710556657,23.412332419977528,0.02097733134092994,11.566666666666666,1,1.0
SD,1179,1.0,1e-10,False,7.410000000000005,6.01,10,0.3915756416503532,1.566280324316314,19.475320638832493,0.016557137470536176,11.847457627118644,1,1.0
SD,504,1.0,1e-10,False,7.610000000000005,6.01,10,0.4185614898055585,1.5862820933820403,20.05096048767731,0.042852739301464875,11.647058823529411,1,1.0
SD,736,1.0,1e-10,False,7.610000000000005,6.01,10,0.40632430034516626,1.5974494286498784,26.366517272278035,0.04377372137806443,14.783783783783784,1,1.0
SD,411,1.0,1e-10,False,7.610000000000005,6.01,10,0.4350237011260354,1.5931898219540122,20.05723267428597,0.0696583956660297,13.414634146341463,1,1.0
SD,689,1.0,1e-10,False,7.610000000000005,6.01,10,0.4256772791482376,1.5538190915969277,13.841467336502074,0.022814846738712775,11.333333333333334,1,1.0
SD,807,1.0,1e-10,False,7.810000000000005,6.01,10,0.3705908478239808,1.5917240508472612,24.278748298409667,0.036213838523309935,13.08641975308642,1,1.0
SD,614,1.0,1e-10,False,7.810000000000005,6.01,10,0.41141412621170714,1.6019786922315316,26.433201207909942,0.049630852266181504,15.096774193548388,1,1.0
SD,1241,1.0,1e-10,False,7.810000000000005,6.01,10,0.3859513612877858,1.5724868486336072,20.291937903500333,0.01762608743199992,11.0,1,1.0
SD,727,1.0,1e-10,False,7.810000000000005,6.01,10,0.40723517968632106,1.588872359366928,18.526972994293093,0.03123600459658407,11.616438356164384,1,1.0
SD,939,1.0,1e-10,False,8.010000000000005,6.01,10,0.3952715756500546,1.5866654125962718,23.55016373712244,0.026710654104616784,11.170212765957446,1,1.0
SD,556,1.0,1e-10,False,8.010000000000005,6.01,10,0.4068750690918446,1.5876087765457585,18.993843859486432,0.03349460785300522,9.75,1,1.0
SD,834,1.0,1e-10,False,8.010000000000005,6.01,10,0.39679188184391495,1.5838307370746592,21.082219607693784,0.03733578833834079,12.928571428571429,1,1.0
SD,816,1.0,1e-10,False,8.010000000000005,6.01,10,0.4003494646482423,1.577744204708443,20.739263009223283,0.02527152150783469,11.317073170731707,1,1.0
SD,2000,1.0,1e-10,False,1.01,6.01,20,0.5287108875015101,1.5916087676920765,30.59022047537604,0.5817568833233159,8.06,2,0.995
SD,2000,1.0,1e-10,False,1.01,6.01,20,0.5359458877852767,1.5917744341190168,30.71509590205973,0.5426393785289544,8.32,1,1.0
SD,2000,1.0,1e-10,False,1.01,6.01,20,0.5403274918681568,1.5918578209381504,30.866014221299206,0.5331868716124735,9.6,1,1.0
SD,2000,1.0,1e-10,False,1.01,6.01,20,0.5370264110697726,1.5919046853106222,30.817040456186323,0.41788132019143076,10.6,1,1.0
SD,2000,1.0,1e-10,False,1.21,6.01,20,0.5364479788321437,1.5896477674860212,31.340250976187164,0.47498589445959355,10.93,1,1.0
SD,2000,1.0,1e-10,False,1.21,6.01,20,0.5236221779554059,1.589214242018601,31.154020511646515,0.4755134897752693,10.3,2,0.995
SD,2000,1.0,1e-10,False,1.21,6.01,20,0.5408765110607694,1.5890853398255136,30.73565454848233,0.5009395377802905,9.16,1,1.0
SD,2000,1.0,1e-10,False,1.21,6.01,20,0.5399411561786965,1.5895678466195302,31.204105643989436,0.3062255799386943,12.58,2,0.99
SD,2000,1.0,1e-10,False,1.41,6.01,20,0.5323480334103439,1.5859295424452104,31.249866265122378,0.1910904070664487,16.12,1,1.0
SD,2000,1.0,1e-10,False,1.41,6.01,20,0.5348334270340854,1.5870963780172753,32.38490767850336,0.22265569147179545,15.64,1,1.0
SD,2000,1.0,1e-10,False,1.41,6.01,20,0.531044994882608,1.5861183162162105,31.877183523994823,0.2879226624482841,14.03,1,1.0
SD,2000,1.0,1e-10,False,1.41,6.01,20,0.5399657108489186,1.5856562075520773,31.371294169877405,0.3617803733044766,12.77,1,1.0
SD,2000,1.0,1e-10,False,1.6099999999999999,6.01,20,0.5250559783265794,1.5814193321457757,31.511627726144116,0.1547774067624357,16.36,1,1.0
SD,2000,1.0,1e-10,False,1.6099999999999999,6.01,20,0.5377727190111272,1.5837715559146408,32.62019012550896,0.07388669619904402,17.8,1,1.0
SD,2000,1.0,1e-10,False,1.6099999999999999,6.01,20,0.540274247270985,1.578829561255196,30.272262983575224,0.15418779454916107,13.03,1,1.0
SD,2000,1.0,1e-10,False,1.6099999999999999,6.01,20,0.5413421713261733,1.582404885015607,31.967584050640443,0.18863652734475864,16.13,1,1.0
SD,2000,1.0,1e-10,False,1.8099999999999998,6.01,20,0.543103890720578,1.5739993411181332,31.202034668346073,0.03931436016772542,16.49,3,0.975
SD,2000,1.0,1e-10,False,1.8099999999999998,6.01,20,0.5264741646037775,1.5793916753628698,32.77432176574086,0.10165098177347787,19.93,1,1.0
SD,2000,1.0,1e-10,False,1.8099999999999998,6.01,20,0.5295723472668992,1.576193324809665,31.76615574123307,0.05936265848434473,17.3,1,1.0
SD,2000,1.0,1e-10,False,1.8099999999999998,6.01,20,0.5375066410784112,1.5735142452690623,30.44785217938237,0.1997443022288443,15.59,1,1.0
SD,2000,1.0,1e-10,False,2.01,6.01,20,0.5147017602374023,1.5797422835884143,33.1419411725229,0.04329208222635007,20.69,1,1.0
SD,2000,1.0,1e-10,False,2.01,6.01,20,0.5388451192700997,1.5866283249232946,36.9302608364626,0.027450543041223657,19.6,1,1.0
SD,2000,1.0,1e-10,False,2.01,6.01,20,0.5415197871780177,1.5872487668004438,36.71121798205703,0.027479073195950113,19.01,1,1.0
SD,2000,1.0,1e-10,False,2.01,6.01,20,0.5423521220507393,1.5871106851447676,36.50054414792752,0.04304304350509768,21.29,1,1.0
SD,2000,1.0,1e-10,False,2.21,6.01,20,0.5550502501262882,1.5651178052276702,31.617114378086896,0.048598150206433634,20.55,1,1.0
SD,2000,1.0,1e-10,False,2.21,6.01,20,0.5358111006433949,1.5853229015848191,37.12208478118465,0.027095189348550874,20.27,1,1.0
SD,2000,1.0,1e-10,False,2.21,6.01,20,0.5286659184148625,1.580531877276804,34.79981136142495,0.039974007445703084,21.44,1,1.0
SD,2000,1.0,1e-10,False,2.21,6.01,20,0.544626709448197,1.5787468374540818,34.5453654681024,0.03047127602175953,20.41,1,1.0
SD,2000,1.0,1e-10,False,2.41,6.01,20,0.5254026070040451,1.5774409422893436,34.89659847557113,0.02455665602905792,18.01,1,1.0
SD,2000,1.0,1e-10,False,2.41,6.01,20,0.5215704366865165,1.585990572392021,37.43804171489812,0.027319808724099524,21.91,1,1.0
SD,2000,1.0,1e-10,False,2.41,6.01,20,0.5213109427626826,1.5780843345406612,34.282984739683386,0.03141909856223238,19.41,1,1.0
SD,2000,1.0,1e-10,False,2.41,6.01,20,0.5338819347754918,1.5747656451043957,33.40261823277447,0.042364640775823144,21.86,1,1.0
SD,2000,1.0,1e-10,False,2.6100000000000003,6.01,20,0.5390512744190289,1.5702002274241587,31.270055205779602,0.03084967387931127,19.64,1,1.0
SD,2000,1.0,1e-10,False,2.6100000000000003,6.01,20,0.5321591178088121,1.5854429648962551,37.70341855892477,0.03213763118145075,20.98,1,1.0
SD,2000,1.0,1e-10,False,2.6100000000000003,6.01,20,0.5345947191114282,1.5717529749662187,33.305966769530635,0.03079775680483117,19.39,1,1.0
SD,2000,1.0,1e-10,False,2.6100000000000003,6.01,20,0.5343462105660102,1.586276543888704,38.33355340060407,0.029600484333957674,20.84,1,1.0
SD,2000,1.0,1e-10,False,2.8100000000000005,6.01,20,0.5430253572926448,1.5843233943989985,36.902370128214756,0.02079709268862591,18.95,1,1.0
SD,2000,1.0,1e-10,False,2.8100000000000005,6.01,20,0.52807414186889,1.572297313526422,34.36781976388165,0.026347383718480406,20.57,1,1.0
SD,2000,1.0,1e-10,False,2.8100000000000005,6.01,20,0.5335240165049534,1.5680309000163095,29.43092709093387,0.04895283728526729,21.37,1,1.0
SD,2000,1.0,1e-10,False,2.8100000000000005,6.01,20,0.5400744389780419,1.6042769355493005,34.159268894420535,0.02916722190260944,20.68,1,1.0
SD,2000,1.0,1e-10,False,3.0100000000000007,6.01,20,0.5273104396492864,1.5794633307736747,36.197728989730535,0.022682620112546924,19.63,1,1.0
SD,2000,1.0,1e-10,False,3.0100000000000007,6.01,20,0.5289315514032628,1.5820944547650173,37.36897005922804,0.034686908881160786,24.42,1,1.0
SD,2000,1.0,1e-10,False,3.0100000000000007,6.01,20,0.5272146232590366,1.586944672782716,39.436835507892994,0.023906398749702944,20.28,1,1.0
SD,2000,1.0,1e-10,False,3.0100000000000007,6.01,20,0.5387857764215502,1.5868896868758635,39.30732269177103,0.029435920919206982,22.47,1,1.0
SD,2000,1.0,1e-10,False,3.210000000000001,6.01,20,0.5258094050975052,1.5984609258040856,31.433201142193607,0.03757952294571606,22.1,1,1.0
SD,2000,1.0,1e-10,False,3.210000000000001,6.01,20,0.5048961115730214,1.5797721685086872,37.366240351658526,0.02982498089137505,21.16,1,1.0
SD,2000,1.0,1e-10,False,3.210000000000001,6.01,20,0.5110134639730357,1.5870945300185821,40.26650956157017,0.031545843750246584,22.15,1,1.0
SD,2000,1.0,1e-10,False,3.210000000000001,6.01,20,0.5140676442122414,1.5778541790150236,36.50281613705071,0.02611743178454296,20.9,1,1.0
SD,2000,1.0,1e-10,False,3.410000000000001,6.01,20,0.5075982544071326,1.5769813376028992,35.36773754948357,0.028679827434674728,20.29,1,1.0
SD,2000,1.0,1e-10,False,3.410000000000001,6.01,20,0.49567394563982636,1.571410542625971,34.264070807760135,0.03868397236658388,23.29,1,1.0
SD,2000,1.0,1e-10,False,3.410000000000001,6.01,20,0.5020500102929937,1.5713781545566128,34.55385842792788,0.025311338763600182,21.49,1,1.0
SD,2000,1.0,1e-10,False,3.410000000000001,6.01,20,0.5038808820632077,1.5827546349296788,37.88833693899842,0.02397744274079063,21.22,1,1.0
SD,2000,1.0,1e-10,False,3.610000000000001,6.01,20,0.4734239198011054,1.57772600833551,35.99228315520227,0.024661714701427164,21.4,1,1.0
SD,2000,1.0,1e-10,False,3.610000000000001,6.01,20,0.5022624985991672,1.5717012828211356,34.929986408393354,0.02659458167435512,21.17,1,1.0
SD,2000,1.0,1e-10,False,3.610000000000001,6.01,20,0.5110530858104969,1.5856459707103077,39.02918373697323,0.02402519101990827,21.73,1,1.0
SD,2000,1.0,1e-10,False,3.610000000000001,6.01,20,0.4928753465599178,1.578804753984186,37.337167833601924,0.0231855041962109,21.12,1,1.0
SD,2000,1.0,1e-10,False,3.8100000000000014,6.01,20,0.48629185394521773,1.592432181158632,45.57985841522282,0.02667781018290356,26.93,1,1.0
SD,2000,1.0,1e-10,False,3.8100000000000014,6.01,20,0.48610146222287465,1.582314356617847,38.173910428366945,0.021552715576734598,20.61,1,1.0
SD,2000,1.0,1e-10,False,3.8100000000000014,6.01,20,0.48390791165413444,1.578582919455008,36.59890232430969,0.03153379747013307,21.73,1,1.0
SD,2000,1.0,1e-10,False,3.8100000000000014,6.01,20,0.5068038960502181,1.5734400802021522,35.51792008089626,0.02738466840222484,21.45,1,1.0
SD,2000,1.0,1e-10,False,4.010000000000002,6.01,20,0.5012037592135629,1.6015369964405475,39.75923109326918,0.022603498299207044,21.98,1,1.0
SD,2000,1.0,1e-10,False,4.010000000000002,6.01,20,0.49035331111996777,1.5950266057147793,46.17301694277033,0.025115070670729767,22.53,1,1.0
SD,2000,1.0,1e-10,False,4.010000000000002,6.01,20,0.48681343256886067,1.5830013100559486,38.58331066206437,0.029017414649586654,22.3,1,1.0
SD,2000,1.0,1e-10,False,4.010000000000002,6.01,20,0.49394859915479794,1.579753506735037,37.23355416986464,0.023748539244004056,21.01,1,1.0
SD,2000,1.0,1e-10,False,4.210000000000002,6.01,20,0.4577345939938698,1.5843143684908938,39.969355707017826,0.026482479734056544,22.12,1,1.0
SD,2000,1.0,1e-10,False,4.210000000000002,6.01,20,0.46582213823284685,1.5935716074670465,44.838666847023035,0.025908686167928345,24.52,1,1.0
SD,2000,1.0,1e-10,False,4.210000000000002,6.01,20,0.4614939100281944,1.575110343222096,36.47746168941363,0.0199095364535721,23.41,1,1.0
SD,2000,1.0,1e-10,False,4.210000000000002,6.01,20,0.48473515899083286,1.868973487682578,22.61391913039397,0.024652076160726434,22.23,1,1.0
SD,2000,1.0,1e-10,False,4.410000000000002,6.01,20,0.45254213470066584,2.8883201149301487,8.760863288708485,0.022382971913867625,22.07,1,1.0
SD,2000,1.0,1e-10,False,4.410000000000002,6.01,20,0.4425846881604062,1.5820714850530675,39.22840247710072,0.023754420700297277,20.95,1,1.0
SD,2000,1.0,1e-10,False,4.410000000000002,6.01,20,0.4633262451304504,1.582528905643803,33.4046093243313,0.021972329253358538,21.74,1,1.0
SD,2000,1.0,1e-10,False,4.410000000000002,6.01,20,0.46179884078341954,1.585425922486281,40.647198125376384,0.025689508203048803,22.93,1,1.0
SD,2000,1.0,1e-10,False,4.610000000000002,6.01,20,0.4559408170675348,1.5834625852894335,39.73817292533936,0.02076190660834274,21.74,1,1.0
SD,2000,1.0,1e-10,False,4.610000000000002,6.01,20,0.47024679317598955,1.584900218128429,40.231678976565306,0.02758572005613299,23.82,1,1.0
SD,2000,1.0,1e-10,False,4.610000000000002,6.01,20,0.46275037023582355,1.5873804406701868,41.63062881661032,0.025344506443147386,22.58,1,1.0
SD,2000,1.0,1e-10,False,4.610000000000002,6.01,20,0.4541955038289459,1.580252100417236,37.435749008410774,0.024197659233491157,23.87,1,1.0
SD,2000,1.0,1e-10,False,4.810000000000002,6.01,20,0.4637418654454036,1.5870159160073787,40.736133138947345,0.030977971182358455,23.14,1,1.0
SD,2000,1.0,1e-10,False,4.810000000000002,6.01,20,0.45114107315059937,1.5636455902965178,33.35746705949774,0.03069806188690404,21.32,1,1.0
SD,2000,1.0,1e-10,False,4.810000000000002,6.01,20,0.44373454846939,1.589577156817548,42.96309117360246,0.02888962625434847,23.49,1,1.0
SD,2000,1.0,1e-10,False,4.810000000000002,6.01,20,0.4627484515095697,1.608122340175639,27.695581781285064,0.01862259506528761,20.68,1,1.0
SD,2000,1.0,1e-10,False,5.0100000000000025,6.01,20,0.44158343934044747,1.5680370581617875,34.50044066835065,0.026521882101925257,21.95,1,1.0
SD,2000,1.0,1e-10,False,5.0100000000000025,6.01,20,0.44427647593278086,1.5823149205400728,38.640405326158145,0.020976208332316223,21.41,1,1.0
SD,2000,1.0,1e-10,False,5.0100000000000025,6.01,20,0.47113843548964074,1.5952268506635965,48.82371870011053,0.026325485397034474,25.48,1,1.0
SD,2000,1.0,1e-10,False,5.0100000000000025,6.01,20,0.4438511616854134,1.6051681634888118,33.18641771299737,0.02429252360292275,21.13,1,1.0
SD,2000,1.0,1e-10,False,5.210000000000003,6.01,20,0.4548852533616234,1.569730432258392,34.155393451088315,0.017273640361655598,19.48,1,1.0
SD,2000,1.0,1e-10,False,5.210000000000003,6.01,20,0.4539548663748815,1.57846846954961,38.4536335810545,0.021849771654177116,20.6,1,1.0
SD,2000,1.0,1e-10,False,5.210000000000003,6.01,20,0.4492779284728089,1.585396315468639,39.47992890107625,0.022194229093483817,20.23,1,1.0
SD,2000,1.0,1e-10,False,5.210000000000003,6.01,20,0.4314956702499949,1.5969345208034742,26.246036480026167,0.021128277794835386,21.43,1,1.0
SD,2000,1.0,1e-10,False,5.410000000000003,6.01,20,0.4431444483141973,1.579761535033007,36.987730396004736,0.023065943577001383,19.97,1,1.0
SD,2000,1.0,1e-10,False,5.410000000000003,6.01,20,0.45311935211169474,1.5843668335421013,40.87453572747174,0.02043268538938844,22.5,1,1.0
SD,2000,1.0,1e-10,False,5.410000000000003,6.01,20,0.45967589403854664,1.5769841145376633,36.46602421699853,0.020703936410850086,21.12,1,1.0
SD,2000,1.0,1e-10,False,5.410000000000003,6.01,20,0.4280994019102535,1.5929754887403702,44.84669372651971,0.02487257816139262,25.81,1,1.0
SD,2000,1.0,1e-10,False,5.610000000000003,6.01,20,0.44501185207897065,1.612548815323855,29.87633025072516,0.020018874727081054,21.19,1,1.0
SD,2000,1.0,1e-10,False,5.610000000000003,6.01,20,0.42989810221597385,1.584179888013389,39.112044952074896,0.021039119337212298,21.27,1,1.0
SD,2000,1.0,1e-10,False,5.610000000000003,6.01,20,0.43518745349037136,1.5740789121494927,36.46037593775698,0.023646217803798154,21.97,1,1.0
SD,2000,1.0,1e-10,False,5.610000000000003,6.01,20,0.46205725540101916,1.5839874597176624,37.486054570773675,0.033957449118031446,23.31,1,1.0
SD,2000,1.0,1e-10,False,5.810000000000003,6.01,20,0.45247776012655694,1.5922685052912666,44.11713554246133,0.026994824797427642,24.05,1,1.0
SD,2000,1.0,1e-10,False,5.810000000000003,6.01,20,0.4441075966566698,1.59093618648471,44.20667987774619,0.028335635642784254,24.41,1,1.0
SD,2000,1.0,1e-10,False,5.810000000000003,6.01,20,0.4484719844153088,1.561267631863836,30.020452839248808,0.023286834216831986,21.73,1,1.0
SD,2000,1.0,1e-10,False,5.810000000000003,6.01,20,0.43686780023195154,1.562290401939116,32.791283783144365,0.01960716548803333,18.86,1,1.0
SD,2000,1.0,1e-10,False,6.010000000000003,6.01,20,0.43643053416824834,1.565735315059466,35.95005481609182,0.02217919607830335,20.73,1,1.0
SD,2000,1.0,1e-10,False,6.010000000000003,6.01,20,0.4526059764488723,1.5885209527679796,41.98804389439669,0.023806541328648467,23.04,1,1.0
SD,2000,1.0,1e-10,False,6.010000000000003,6.01,20,0.45297390880954486,1.5836525984243073,40.71587980131953,0.023042416468021173,21.27,1,1.0
SD,2000,1.0,1e-10,False,6.010000000000003,6.01,20,0.43068294648354805,1.5837676980962152,40.214558440854084,0.020520413824141857,21.36,1,1.0
SD,2000,1.0,1e-10,False,6.2100000000000035,6.01,20,0.4380856647441644,1.575804947164778,37.2214798012435,0.02113424791996783,22.95,1,1.0
SD,2000,1.0,1e-10,False,6.2100000000000035,6.01,20,0.42616265355951016,1.5892067313161224,42.91668617484256,0.029823721802704622,24.82,1,1.0
SD,2000,1.0,1e-10,False,6.2100000000000035,6.01,20,0.43577187005086176,1.5756874031918313,37.396280765511385,0.025972884795968692,23.04,1,1.0
SD,2000,1.0,1e-10,False,6.2100000000000035,6.01,20,0.44648590508478175,1.5833111865698348,40.20721400615317,0.03078694639926759,22.62,1,1.0
SD,2000,1.0,1e-10,False,6.410000000000004,6.01,20,0.44659542186231277,1.5703428797072916,35.687725931056434,0.020575455586584315,23.15,1,1.0
SD,2000,1.0,1e-10,False,6.410000000000004,6.01,20,0.4495295156133888,1.5644566199117775,33.06646231020958,0.02409914173037558,20.95,1,1.0
SD,2000,1.0,1e-10,False,6.410000000000004,6.01,20,0.4498015984993627,1.5896881245896972,42.861091642568226,0.02268768844492563,22.11,1,1.0
SD,2000,1.0,1e-10,False,6.410000000000004,6.01,20,0.4334540352920717,1.569130052087811,34.36275351963212,0.027652458019198085,21.29,1,1.0
SD,2000,1.0,1e-10,False,6.610000000000004,6.01,20,0.4275976360492032,1.5772359292631928,36.87257904725586,0.023523843135622436,21.72,1,1.0
SD,2000,1.0,1e-10,False,6.610000000000004,6.01,20,0.4440528125168227,1.5613162625940091,32.897643643525235,0.0278704277162376,20.22,1,1.0
SD,2000,1.0,1e-10,False,6.610000000000004,6.01,20,0.4561735455308445,1.5891311019104495,42.277059686148846,0.021787672656459242,23.16,1,1.0
SD,2000,1.0,1e-10,False,6.610000000000004,6.01,20,0.43559439168481956,1.5650179185099917,34.27116674052557,0.035856155278798964,23.61,1,1.0
SD,2000,1.0,1e-10,False,6.810000000000004,6.01,20,0.42508298312506054,1.5810183734840744,39.189927431579356,0.019829321569453245,21.53,1,1.0
SD,2000,1.0,1e-10,False,6.810000000000004,6.01,20,0.44498140139275644,1.577393284633824,37.838119932214546,0.020886620618201877,20.17,1,1.0
SD,2000,1.0,1e-10,False,6.810000000000004,6.01,20,0.43540023964387015,1.58565811476279,41.181335052323256,0.023318466126052474,22.13,1,1.0
SD,2000,1.0,1e-10,False,6.810000000000004,6.01,20,0.43351115372466686,1.5784769177247004,37.226128428977276,0.02190435264943836,22.84,1,1.0
SD,2000,1.0,1e-10,False,7.010000000000004,6.01,20,0.4320300436439481,1.5901431681560954,43.01599408283538,0.021189573260800423,21.66,1,1.0
SD,2000,1.0,1e-10,False,7.010000000000004,6.01,20,0.44372508191936993,1.5844837288574942,40.58439342222037,0.0200437869267219,21.21,1,1.0
SD,2000,1.0,1e-10,False,7.010000000000004,6.01,20,0.4380234801397236,1.581691235195899,39.72872670489833,0.022727974149650772,22.77,1,1.0
SD,2000,1.0,1e-10,False,7.010000000000004,6.01,20,0.4312740736480055,1.5861270304719923,40.93703803273952,0.02462759650188055,22.4,1,1.0
SD,2000,1.0,1e-10,False,7.210000000000004,6.01,20,0.43378749038047026,1.560653550427314,32.292030054040445,0.019364645988165646,19.7,1,1.0
SD,2000,1.0,1e-10,False,7.210000000000004,6.01,20,0.4302488475989695,1.5813587614051452,41.06206122972707,0.02309629857027786,21.38,1,1.0
SD,2000,1.0,1e-10,False,7.210000000000004,6.01,20,0.435092367633392,1.5703643132894436,35.27446061937663,0.035961924914536765,22.86,1,1.0
SD,2000,1.0,1e-10,False,7.210000000000004,6.01,20,0.43763800273832176,1.5840097065733576,38.883576949569154,0.028533666735124873,22.93,1,1.0
SD,2000,1.0,1e-10,False,7.410000000000005,6.01,20,0.43885739000583285,1.5839315901689366,40.58838534674411,0.018811007248542826,22.86,1,1.0
SD,2000,1.0,1e-10,False,7.410000000000005,6.01,20,0.439900289334594,1.5809621291487483,38.14741415546736,0.020892633639666144,20.89,1,1.0
SD,2000,1.0,1e-10,False,7.410000000000005,6.01,20,0.4374923225417031,1.58096402399829,38.90971699836419,0.027667597072563457,21.61,1,1.0
SD,2000,1.0,1e-10,False,7.410000000000005,6.01,20,0.42029885086021723,1.5665565815035465,35.07207673683822,0.024452513243036027,22.14,1,1.0
SD,2000,1.0,1e-10,False,7.610000000000005,6.01,20,0.4260218117558826,1.571812256579652,35.475579384675406,0.024224362056673974,20.84,1,1.0
SD,2000,1.0,1e-10,False,7.610000000000005,6.01,20,0.43624308481757457,1.5701310100053183,35.7827993090553,0.021754436248854207,22.07,1,1.0
SD,2000,1.0,1e-10,False,7.610000000000005,6.01,20,0.4307021496163133,1.5822592334823093,39.168984045847374,0.0246963294920134,21.79,1,1.0
SD,2000,1.0,1e-10,False,7.610000000000005,6.01,20,0.42227871637598596,1.565647094668862,34.70028777165452,0.017788318106330192,19.64,1,1.0
SD,2000,1.0,1e-10,False,7.810000000000005,6.01,20,0.4304177951116055,2.0226769112011387,11.086860431094594,0.023075422999832243,22.82,1,1.0
SD,2000,1.0,1e-10,False,7.810000000000005,6.01,20,0.4275705020338512,1.587178074633552,42.95278482907787,0.022148492761473956,24.86,1,1.0
SD,2000,1.0,1e-10,False,7.810000000000005,6.01,20,0.4228930497336932,1.5865960957083693,41.588556192181,0.029306876311072122,22.76,1,1.0
SD,2000,1.0,1e-10,False,7.810000000000005,6.01,20,0.42919076085900587,1.5927742051176437,45.135270468643355,0.024922916208694523,25.05,1,1.0
SD,2000,1.0,1e-10,False,8.010000000000005,6.01,20,0.43699297935492704,1.5829782131500818,39.84791731964931,0.022634443594005137,23.83,1,1.0
SD,2000,1.0,1e-10,False,8.010000000000005,6.01,20,0.4245337280408971,1.5853339640180704,42.03254193302434,0.021556169310065355,21.58,1,1.0
SD,2000,1.0,1e-10,False,8.010000000000005,6.01,20,0.42024947732023904,1.5860648238955144,31.41366748809889,0.020757229799259928,20.61,1,1.0
SD,2000,1.0,1e-10,False,8.010000000000005,6.01,20,0.4315902854301851,1.5813221856996134,39.5213336780255,0.025507427456984148,22.83,1,1.0
SD,2000,1.0,1e-10,False,1.01,6.01,30,0.54133275932128,1.5965188290796388,45.08242813341055,0.6521017035885474,9.01,1,1.0
SD,2000,1.0,1e-10,False,1.01,6.01,30,0.5433122987859923,1.5966740915622568,46.02742845895745,0.6375032524844932,11.07,1,1.0
SD,2000,1.0,1e-10,False,1.01,6.01,30,0.5296087144126578,1.5966499812230703,45.53770566497175,0.6640723253875087,9.87,1,1.0
SD,2000,1.0,1e-10,False,1.01,6.01,30,0.5420665235098885,1.5966882469961057,45.69125523522852,0.6552854610880938,9.45,1,1.0
SD,2000,1.0,1e-10,False,1.21,6.01,30,0.532872924074418,1.5948629703871946,45.697561500252085,0.6037627662819488,11.98,1,1.0
SD,2000,1.0,1e-10,False,1.21,6.01,30,0.5387109160712785,1.594960713869024,45.949136289321615,0.6269437277573012,10.48,1,1.0
SD,2000,1.0,1e-10,False,1.21,6.01,30,0.5233753604436573,1.5953466888158958,46.836711115398195,0.5084687369652628,14.23,1,1.0
SD,2000,1.0,1e-10,False,1.21,6.01,30,0.532898805552705,1.5949910843796093,45.80512658726162,0.4788121228626502,16.27,2,0.995
SD,2000,1.0,1e-10,False,1.41,6.01,30,0.5358374479952447,1.592667459881411,47.45940941104693,0.4073976072630606,17.42,1,1.0
SD,2000,1.0,1e-10,False,1.41,6.01,30,0.5328941238339321,1.5929411763252692,46.68852130688273,0.3470276884269436,19.43,1,1.0
SD,2000,1.0,1e-10,False,1.41,6.01,30,0.5367495863584957,1.5935208748962282,47.03124745667632,0.23505340701201313,22.75,1,1.0
SD,2000,1.0,1e-10,False,1.41,6.01,30,0.5311721258496557,1.5928240808241474,46.58258656626143,0.34482410536727204,19.76,1,1.0
SD,2000,1.0,1e-10,False,1.6099999999999999,6.01,30,0.5337973098705049,1.5900067047056263,46.8597108269805,0.1729962818828739,28.33,1,1.0
SD,2000,1.0,1e-10,False,1.6099999999999999,6.01,30,0.5241476712968673,1.5881736574804115,46.07445683204578,0.47327451472903725,14.7,1,1.0
SD,2000,1.0,1e-10,False,1.6099999999999999,6.01,30,0.5445441132900452,1.588557882034489,46.49713956461752,0.37751369098820703,17.23,1,1.0
SD,2000,1.0,1e-10,False,1.6099999999999999,6.01,30,0.5419282914029484,1.5882020361237084,46.59521953082806,0.3711046647647345,17.89,1,1.0
SD,2000,1.0,1e-10,False,1.8099999999999998,6.01,30,0.5399468993748606,1.5898737047585805,48.6163546751472,0.16162374430605755,26.55,1,1.0
SD,2000,1.0,1e-10,False,1.8099999999999998,6.01,30,0.5414524714802369,1.58841407908253,49.11940651730369,0.04917874859125947,24.58,1,1.0
SD,2000,1.0,1e-10,False,1.8099999999999998,6.01,30,0.5362260372403207,1.5843835873159806,46.46568704160062,0.14804634010513767,24.82,1,1.0
SD,2000,1.0,1e-10,False,1.8099999999999998,6.01,30,0.5340232873231078,1.5864389306989524,48.104221686345156,0.20123135687030233,23.77,1,1.0
SD,2000,1.0,1e-10,False,2.01,6.01,30,0.5279212020172359,1.579884350065658,45.64680117093587,0.10539384651612513,29.38,1,1.0
SD,2000,1.0,1e-10,False,2.01,6.01,30,0.5434750569098925,1.5828486262145562,47.23619370779862,0.08176966779454065,29.16,2,0.995
SD,2000,1.0,1e-10,False,2.01,6.01,30,0.5393036787795911,1.5812367577504822,45.365874667554095,0.20610833090337913,23.94,1,1.0
SD,2000,1.0,1e-10,False,2.01,6.01,30,0.529518980144639,1.5785437904180415,44.78670650278393,0.18945840387555823,25.3,2,0.995
SD,2000,1.0,1e-10,False,2.21,6.01,30,0.5450312154778536,1.5806870456358164,46.859571585359554,0.06795433836831942,28.92,1,1.0
SD,2000,1.0,1e-10,False,2.21,6.01,30,0.5207142716802952,1.5861794624634875,49.78928858698095,0.06821469383672082,30.42,1,1.0
SD,2000,1.0,1e-10,False,2.21,6.01,30,0.5399576026507549,1.5904724436502187,53.51254408053387,0.03956335854950279,30.41,1,1.0
SD,2000,1.0,1e-10,False,2.21,6.01,30,0.5367496922541282,1.5904804622575066,52.74088955630758,0.044538302907147394,27.99,1,1.0
SD,2000,1.0,1e-10,False,2.41,6.01,30,0.532392762081491,1.5865282954010154,46.54430802180202,0.05795867313103757,31.18,1,1.0
SD,2000,1.0,1e-10,False,2.41,6.01,30,0.5312367529374444,1.5784744647962785,46.7330863063153,0.07225110017342642,30.39,1,1.0
SD,2000,1.0,1e-10,False,2.41,6.01,30,0.5400683037730035,1.5783587753230297,47.68948769833002,0.09387049468160708,25.85,1,1.0
SD,2000,1.0,1e-10,False,2.41,6.01,30,0.529771547851938,1.5811189009641886,47.79725778647889,0.08534271080034801,29.14,1,1.0
SD,2000,1.0,1e-10,False,2.6100000000000003,6.01,30,0.5239879177469244,1.5874341703664465,51.80145021565244,0.04561593812982221,31.47,1,1.0
SD,2000,1.0,1e-10,False,2.6100000000000003,6.01,30,0.5149048899450835,1.5701065181764888,42.17049295784695,0.060454439683659704,30.43,1,1.0
SD,2000,1.0,1e-10,False,2.6100000000000003,6.01,30,0.5356850576897747,1.5894499456082447,53.683273668032555,0.07356183514681366,34.48,1,1.0
SD,2000,1.0,1e-10,False,2.6100000000000003,6.01,30,0.5236596025625714,1.592851965326811,56.53057206847154,0.04863139289381176,33.74,1,1.0
SD,2000,1.0,1e-10,False,2.8100000000000005,6.01,30,0.5233343708614434,1.5905484353529187,55.66318202734836,0.03354728967544585,29.86,1,1.0
SD,2000,1.0,1e-10,False,2.8100000000000005,6.01,30,0.5300071951739691,1.591839970014371,55.48178496391964,0.04451027878289209,32.64,1,1.0
SD,2000,1.0,1e-10,False,2.8100000000000005,6.01,30,0.5457737333111994,1.59143564807608,55.24849416189741,0.042877905944936,32.67,1,1.0
SD,2000,1.0,1e-10,False,2.8100000000000005,6.01,30,0.5487411215257428,1.5785283301099085,48.78512311647153,0.06417011213952813,30.63,1,1.0
SD,2000,1.0,1e-10,False,3.0100000000000007,6.01,30,0.5295586670736896,1.5784297956459012,48.56026042893035,0.053336841149453494,30.29,1,1.0
SD,2000,1.0,1e-10,False,3.0100000000000007,6.01,30,0.5455677013202735,1.579443182276675,50.34011374361425,0.06322001228109295,33.37,1,1.0
SD,2000,1.0,1e-10,False,3.0100000000000007,6.01,30,0.5316155217613409,1.586355253488519,53.02390331662163,0.05329122087776505,33.37,1,1.0
SD,2000,1.0,1e-10,False,3.0100000000000007,6.01,30,0.5315600099525226,1.5871916846657108,53.947308350887205,0.0443767205423589,33.02,1,1.0
SD,2000,1.0,1e-10,False,3.210000000000001,6.01,30,0.5242826887217825,1.6238142051083835,43.64368674186484,0.03526971723034754,28.93,1,1.0
SD,2000,1.0,1e-10,False,3.210000000000001,6.01,30,0.5101486194908117,1.5932484550887587,58.45984364378469,0.033101878759172615,30.35,1,1.0
SD,2000,1.0,1e-10,False,3.210000000000001,6.01,30,0.5410668248428286,1.6032269470514349,46.52988974091561,0.04624025267462133,31.26,1,1.0
SD,2000,1.0,1e-10,False,3.210000000000001,6.01,30,0.5511712315929361,1.58450678735963,52.647663797921396,0.03733918848829401,30.49,1,1.0
SD,2000,1.0,1e-10,False,3.410000000000001,6.01,30,0.5261337600990712,1.589323461850362,55.1264701060853,0.03679956777224442,31.11,1,1.0
SD,2000,1.0,1e-10,False,3.410000000000001,6.01,30,0.5275722374938338,1.5819509923097357,50.667901042761976,0.04436093346853693,32.46,1,1.0
SD,2000,1.0,1e-10,False,3.410000000000001,6.01,30,0.5244168429889512,1.588322054899724,41.012249411895176,0.040428822945853884,29.05,1,1.0
SD,2000,1.0,1e-10,False,3.410000000000001,6.01,30,0.5416057712590503,1.583744763898749,52.17578441617493,0.03528761938550143,30.91,1,1.0
SD,2000,1.0,1e-10,False,3.610000000000001,6.01,30,0.5307929614830057,1.5820688181362867,49.66720057910129,0.030097381886538998,29.32,1,1.0
SD,2000,1.0,1e-10,False,3.610000000000001,6.01,30,0.5417742265677205,1.5816501869209347,51.39356319069457,0.036607750912039945,31.22,1,1.0
SD,2000,1.0,1e-10,False,3.610000000000001,6.01,30,0.5353206309758805,1.5873401106059275,55.194047964098345,0.062379710742154884,36.48,1,1.0
SD,2000,1.0,1e-10,False,3.610000000000001,6.01,30,0.5333502840653637,1.5845336890435182,53.81986288148453,0.034192587348790604,33.73,1,1.0
SD,2000,1.0,1e-10,False,3.8100000000000014,6.01,30,0.525797931461848,1.5838776142493893,51.9563468149807,0.05465819747728605,33.83,1,1.0
SD,2000,1.0,1e-10,False,3.8100000000000014,6.01,30,0.5234925003608338,1.589987953705428,56.22356242015111,0.05115230997596046,36.21,1,1.0
SD,2000,1.0,1e-10,False,3.8100000000000014,6.01,30,0.5310667749676588,1.5826485764939116,51.375373440240566,0.042541820478683705,33.45,1,1.0
SD,2000,1.0,1e-10,False,3.8100000000000014,6.01,30,0.5298786720614219,1.5854031708634535,53.335206120022455,0.03763428844750521,32.24,1,1.0
SD,2000,1.0,1e-10,False,4.010000000000002,6.01,30,0.532623775776558,1.5875547802858943,54.946832950974816,0.04903013848195808,35.08,1,1.0
SD,2000,1.0,1e-10,False,4.010000000000002,6.01,30,0.5097258232205952,1.5930927182496357,59.26032363776329,0.037230830971446346,33.76,1,1.0
SD,2000,1.0,1e-10,False,4.010000000000002,6.01,30,0.5365832879080858,1.5764779244796256,49.75340937872882,0.0512300508813683,31.99,1,1.0
SD,2000,1.0,1e-10,False,4.010000000000002,6.01,30,0.5269482792364516,1.5573179781445827,38.92145509200358,0.041483176787732,29.34,1,1.0
SD,2000,1.0,1e-10,False,4.210000000000002,6.01,30,0.5220849708738023,1.57684511428607,49.99484326282428,0.06603896611221963,32.67,1,1.0
SD,2000,1.0,1e-10,False,4.210000000000002,6.01,30,0.520312223571119,1.6941198647182654,36.47098501366589,0.040925922523611005,31.14,1,1.0
SD,2000,1.0,1e-10,False,4.210000000000002,6.01,30,0.5258336636508737,1.5859247752468266,52.66618197267747,0.04034747603024223,32.66,1,1.0
SD,2000,1.0,1e-10,False,4.210000000000002,6.01,30,0.5353761520845165,1.5768464527310353,49.743560477237374,0.055598282699042136,33.66,1,1.0
SD,2000,1.0,1e-10,False,4.410000000000002,6.01,30,0.5161027450204009,1.585306337533899,54.43431935982664,0.05407135214370268,34.18,1,1.0
SD,2000,1.0,1e-10,False,4.410000000000002,6.01,30,0.5329746289717745,1.5706536866378686,46.426795267847965,0.038372507921596626,30.29,1,1.0
SD,2000,1.0,1e-10,False,4.410000000000002,6.01,30,0.5119670987622691,1.5791277293774382,52.56948401828792,0.036200673309415544,32.02,1,1.0
SD,2000,1.0,1e-10,False,4.410000000000002,6.01,30,0.5261936826246465,1.5925158675750979,59.21830175465609,0.041813201310603676,34.19,1,1.0
SD,2000,1.0,1e-10,False,4.610000000000002,6.01,30,0.5104451106346823,1.8917074080665666,32.90723897928476,0.03281036080072706,31.02,1,1.0
SD,2000,1.0,1e-10,False,4.610000000000002,6.01,30,0.5132179369217664,1.5905952472063891,58.1679818307687,0.04121792569336331,34.06,1,1.0
SD,2000,1.0,1e-10,False,4.610000000000002,6.01,30,0.5184836096968872,1.5853584713164468,53.69196994647439,0.0387077922169016,34.57,1,1.0
SD,2000,1.0,1e-10,False,4.610000000000002,6.01,30,0.5203156023540099,1.5839195409339306,53.164292831193485,0.05728064227923876,34.6,1,1.0
SD,2000,1.0,1e-10,False,4.810000000000002,6.01,30,0.5233026795330309,1.580327336079893,51.765590962811395,0.05359713770771935,33.84,1,1.0
SD,2000,1.0,1e-10,False,4.810000000000002,6.01,30,0.5119243065399521,1.5801728410742044,51.687585794760864,0.03869311163777134,32.25,1,1.0
SD,2000,1.0,1e-10,False,4.810000000000002,6.01,30,0.5098219446171562,1.5833152122861078,53.87516866082298,0.029439048041707692,33.56,1,1.0
SD,2000,1.0,1e-10,False,4.810000000000002,6.01,30,0.5093627130326038,1.5901174003557463,51.15122558559091,0.0436234318239397,32.95,1,1.0
SD,2000,1.0,1e-10,False,5.0100000000000025,6.01,30,0.48931752410212453,1.6159224756111847,40.54889929546485,0.02645152442210747,27.0,1,1.0
SD,2000,1.0,1e-10,False,5.0100000000000025,6.01,30,0.5141743048938267,1.587474921751832,55.3262477669446,0.0429845705960377,35.12,1,1.0
SD,2000,1.0,1e-10,False,5.0100000000000025,6.01,30,0.5103143628492793,1.5808068488966762,51.63312267785609,0.030595871267507967,31.01,1,1.0
SD,2000,1.0,1e-10,False,5.0100000000000025,6.01,30,0.5132435903320349,1.58556444258391,53.62902119610317,0.0391282852254145,30.7,1,1.0
SD,2000,1.0,1e-10,False,5.210000000000003,6.01,30,0.5096416586286575,1.574001302153812,49.10780890731097,0.04652748114651307,33.54,1,1.0
SD,2000,1.0,1e-10,False,5.210000000000003,6.01,30,0.5173655606409684,1.5944616121373951,61.42841816383747,0.039759421687363024,35.34,1,1.0
SD,2000,1.0,1e-10,False,5.210000000000003,6.01,30,0.5125298223918496,1.58706466790096,55.501647272677495,0.03911985755572005,33.57,1,1.0
SD,2000,1.0,1e-10,False,5.210000000000003,6.01,30,0.5193376115536326,1.5800648295012432,51.27614778606145,0.03067540190173537,30.76,1,1.0
SD,2000,1.0,1e-10,False,5.410000000000003,6.01,30,0.5101275816913303,1.6215377335104193,45.98545550688263,0.036145170134775056,32.74,1,1.0
SD,2000,1.0,1e-10,False,5.410000000000003,6.01,30,0.5043364267870192,1.5865394674073015,54.93394514813929,0.047293014729779245,35.64,1,1.0
SD,2000,1.0,1e-10,False,5.410000000000003,6.01,30,0.5031202704585511,1.5664179174148618,46.55293660490831,0.024827665926135556,29.85,1,1.0
SD,2000,1.0,1e-10,False,5.410000000000003,6.01,30,0.5157002448671548,1.5860205664002447,45.8043635902759,0.035396784963700224,32.48,1,1.0
SD,2000,1.0,1e-10,False,5.610000000000003,6.01,30,0.5047735347153158,1.5686940077653926,47.93996697495406,0.02897984608892963,31.81,1,1.0
SD,2000,1.0,1e-10,False,5.610000000000003,6.01,30,0.5048464367558958,1.5656356673466603,47.882394507073954,0.038455939364836524,31.75,1,1.0
SD,2000,1.0,1e-10,False,5.610000000000003,6.01,30,0.5053015942661293,1.5866760390277008,56.02524698638937,0.06860014058872015,36.26,1,1.0
SD,2000,1.0,1e-10,False,5.610000000000003,6.01,30,0.5194011020140284,1.5866525501850597,55.46241249434934,0.03140621207438955,31.26,1,1.0
SD,2000,1.0,1e-10,False,5.810000000000003,6.01,30,0.4972369663008748,1.594158564469108,61.68470939967442,0.02919551859340378,31.43,1,1.0
SD,2000,1.0,1e-10,False,5.810000000000003,6.01,30,0.48707451720946504,1.5815808480822624,53.47928338039581,0.04898790485702556,34.98,1,1.0
SD,2000,1.0,1e-10,False,5.810000000000003,6.01,30,0.49674068181999453,1.5915294524905006,58.87885895692137,0.03246238928816448,33.87,1,1.0
SD,2000,1.0,1e-10,False,5.810000000000003,6.01,30,0.5278582172062136,1.5753699744487397,50.227070434003316,0.05571685169735912,34.34,1,1.0
SD,2000,1.0,1e-10,False,6.010000000000003,6.01,30,0.4904571498549294,1.5785256050736787,51.87390210226386,0.029818253086531077,30.38,1,1.0
SD,2000,1.0,1e-10,False,6.010000000000003,6.01,30,0.4899893707216115,1.5712193013488296,49.06345722865293,0.047146816163713016,32.41,1,1.0
SD,2000,1.0,1e-10,False,6.010000000000003,6.01,30,0.5005920585944795,1.5720312597965131,47.422775804334705,0.09286103396026486,32.8,1,1.0
SD,2000,1.0,1e-10,False,6.010000000000003,6.01,30,0.4887006136199022,1.5815671237133617,39.69336523350386,0.036070577764702766,31.53,1,1.0
SD,2000,1.0,1e-10,False,6.2100000000000035,6.01,30,0.5007529122072557,1.57677733616648,50.70332334289231,0.041295180411710264,33.77,1,1.0
SD,2000,1.0,1e-10,False,6.2100000000000035,6.01,30,0.47960350018283776,1.5951596962088874,63.95036654923418,0.03269755242077224,34.4,1,1.0
SD,2000,1.0,1e-10,False,6.2100000000000035,6.01,30,0.5010956188739021,1.5763882873479922,50.12852026933191,0.04422884133292837,32.47,1,1.0
SD,2000,1.0,1e-10,False,6.2100000000000035,6.01,30,0.49719264946305985,1.5730695218370925,45.58639297750201,0.03667592875832944,31.71,1,1.0
SD,2000,1.0,1e-10,False,6.410000000000004,6.01,30,0.5020283872140666,1.5691253469269326,48.98167454174338,0.02656604373979623,28.73,1,1.0
SD,2000,1.0,1e-10,False,6.410000000000004,6.01,30,0.49384083263306816,1.5819682477800967,37.56934971020585,0.0512496721240428,31.85,1,1.0
SD,2000,1.0,1e-10,False,6.410000000000004,6.01,30,0.50954330576374,1.6626147073077995,42.776744755626936,0.032483519326442827,31.34,1,1.0
SD,2000,1.0,1e-10,False,6.410000000000004,6.01,30,0.4993810858313812,1.5856230279520205,55.57583792532389,0.043976492780751726,33.81,1,1.0
SD,2000,1.0,1e-10,False,6.610000000000004,6.01,30,0.49832363267120994,1.5849133373748827,55.85459090771858,0.042458968818122486,34.27,1,1.0
SD,2000,1.0,1e-10,False,6.610000000000004,6.01,30,0.494135128654887,1.591339832987864,60.2859238303421,0.030280802103384425,32.76,1,1.0
SD,2000,1.0,1e-10,False,6.610000000000004,6.01,30,0.500371222819235,1.5780586165889656,52.50152153583316,0.03110751148668702,33.18,1,1.0
SD,2000,1.0,1e-10,False,6.610000000000004,6.01,30,0.49568826469526533,1.5764710755325448,49.80862874608164,0.03357312682589237,32.36,1,1.0
SD,2000,1.0,1e-10,False,6.810000000000004,6.01,30,0.4793446933146664,1.5822897218709657,54.7946300011441,0.06433668301279562,34.41,1,1.0
SD,2000,1.0,1e-10,False,6.810000000000004,6.01,30,0.4827595081945937,1.5920307156400482,63.28134404285481,0.034954406377411075,33.04,1,1.0
SD,2000,1.0,1e-10,False,6.810000000000004,6.01,30,0.4820056812306544,1.5874521180120265,56.97320405399248,0.0342221577185232,33.4,1,1.0
SD,2000,1.0,1e-10,False,6.810000000000004,6.01,30,0.48280258528454517,1.5865573257165093,55.48481796547424,0.03520657609955313,33.36,1,1.0
SD,2000,1.0,1e-10,False,7.010000000000004,6.01,30,0.5036491372567048,1.586869513023004,55.511151514803196,0.04013384964058868,34.05,1,1.0
SD,2000,1.0,1e-10,False,7.010000000000004,6.01,30,0.499397515988698,1.5826002073040986,50.21669579514802,0.03109497302520576,31.37,1,1.0
SD,2000,1.0,1e-10,False,7.010000000000004,6.01,30,0.5099878452018117,1.5728949452794185,49.77721764309453,0.028775123174746963,32.05,1,1.0
SD,2000,1.0,1e-10,False,7.010000000000004,6.01,30,0.47959080052281006,1.5870786813641662,58.156312589924724,0.03379193353167398,33.58,1,1.0
SD,2000,1.0,1e-10,False,7.210000000000004,6.01,30,0.505129207194911,1.5773276254448336,52.29581166485409,0.03145185760249324,30.35,1,1.0
SD,2000,1.0,1e-10,False,7.210000000000004,6.01,30,0.4855523498585883,1.5875382559893716,55.7309786090361,0.034888109001168295,31.49,1,1.0
SD,2000,1.0,1e-10,False,7.210000000000004,6.01,30,0.4942287563509092,1.5777462616325217,52.92975534123818,0.03903253456087059,33.33,1,1.0
SD,2000,1.0,1e-10,False,7.210000000000004,6.01,30,0.49587402597627983,1.5852032572375883,56.250453962400016,0.03880029038189374,34.88,1,1.0
SD,2000,1.0,1e-10,False,7.410000000000005,6.01,30,0.4939192413632659,1.5794949399118707,54.13968221828866,0.027793540746090063,31.11,1,1.0
SD,2000,1.0,1e-10,False,7.410000000000005,6.01,30,0.48117491034810933,1.5885312409865917,57.636726152706686,0.03313400553900019,33.03,1,1.0
SD,2000,1.0,1e-10,False,7.410000000000005,6.01,30,0.49345883842761945,1.5773747764140629,52.18236279310405,0.0280122712832861,29.54,1,1.0
SD,2000,1.0,1e-10,False,7.410000000000005,6.01,30,0.5062170238687935,1.573033970340794,49.60866861800646,0.030783025459272605,30.87,1,1.0
SD,2000,1.0,1e-10,False,7.610000000000005,6.01,30,0.4924799720837698,1.571737895294219,49.3719904816862,0.057305824234611884,32.84,1,1.0
SD,2000,1.0,1e-10,False,7.610000000000005,6.01,30,0.4949411631150456,1.5762999323418194,52.48611015261834,0.03093047694949163,30.62,1,1.0
SD,2000,1.0,1e-10,False,7.610000000000005,6.01,30,0.5001626250048955,1.586749311541605,55.97313835791205,0.033603384386151035,32.49,1,1.0
SD,2000,1.0,1e-10,False,7.610000000000005,6.01,30,0.4849851388053976,1.5832620964909525,54.64690241947164,0.030654647765552115,34.17,1,1.0
SD,2000,1.0,1e-10,False,7.810000000000005,6.01,30,0.48575568216768483,1.5917947668388852,59.22851637202479,0.02957093778740398,30.59,1,1.0
SD,2000,1.0,1e-10,False,7.810000000000005,6.01,30,0.4922165300128097,1.5817521703885635,51.29924369808804,0.03749522424294101,31.1,1,1.0
SD,2000,1.0,1e-10,False,7.810000000000005,6.01,30,0.48779228064408364,1.5873463176942955,57.18767325290413,0.04181358372620415,35.18,1,1.0
SD,2000,1.0,1e-10,False,7.810000000000005,6.01,30,0.4976489133286054,1.5843446559254881,46.803095743347285,0.04611539188006773,31.74,1,1.0
SD,2000,1.0,1e-10,False,8.010000000000005,6.01,30,0.47181381254296473,1.591230331439261,58.4020503707251,0.03624561955293485,34.01,1,1.0
SD,2000,1.0,1e-10,False,8.010000000000005,6.01,30,0.4920371289812067,1.576637862996791,51.22246181701389,0.03097132108277284,32.32,1,1.0
SD,2000,1.0,1e-10,False,8.010000000000005,6.01,30,0.49081777611212096,1.5943784637080827,62.48739129670436,0.03903828536260308,34.83,1,1.0
SD,2000,1.0,1e-10,False,8.010000000000005,6.01,30,0.4826325360493906,1.584991211495421,54.57422147280484,0.054618926314530705,34.61,1,1.0
SD,2000,1.0,1e-10,False,1.01,6.01,40,0.5384808876443322,1.59914026904955,60.263573766108145,0.6943962962042904,11.47,1,1.0
SD,2000,1.0,1e-10,False,1.01,6.01,40,0.5273894154285411,1.5992808395834477,60.81658949309162,0.656070600084172,14.33,1,1.0
SD,2000,1.0,1e-10,False,1.01,6.01,40,0.5361414510324358,1.5994064410316906,61.341330626681696,0.5878352545074943,18.29,1,1.0
SD,2000,1.0,1e-10,False,1.01,6.01,40,0.530647502892878,1.5991312281131305,59.941448834696,0.7029735223404635,11.13,1,1.0
SD,2000,1.0,1e-10,False,1.21,6.01,40,0.5224265658719052,1.5981282575163709,61.26400849736368,0.6017472494996323,13.37,1,1.0
SD,2000,1.0,1e-10,False,1.21,6.01,40,0.522080335523453,1.5981819893856037,61.670261847468026,0.5318679806196787,20.05,1,1.0
SD,2000,1.0,1e-10,False,1.21,6.01,40,0.5404461822561467,1.5978822812431865,60.62621672574545,0.6556928996217924,15.55,1,1.0
SD,2000,1.0,1e-10,False,1.21,6.01,40,0.5425261404619918,1.5982052822974608,61.33162167425739,0.602286643031568,15.78,2,0.995
SD,2000,1.0,1e-10,False,1.41,6.01,40,0.5363156176817957,1.5959956128021544,61.24355617138728,0.6002270409281296,14.79,1,1.0
SD,2000,1.0,1e-10,False,1.41,6.01,40,0.512758666086239,1.5961885882155364,61.33815240041235,0.5605168793058851,17.61,1,1.0
SD,2000,1.0,1e-10,False,1.41,6.01,40,0.551066761266531,1.5963099074658809,62.45125030280531,0.5130700534140358,16.9,1,1.0
SD,2000,1.0,1e-10,False,1.41,6.01,40,0.5229387766810613,1.5959828325917238,60.74060924017731,0.5840109813470825,15.71,1,1.0
SD,2000,1.0,1e-10,False,1.6099999999999999,6.01,40,0.5222166228138703,1.592892818474651,62.12729308395773,0.4620141239756279,20.51,1,1.0
SD,2000,1.0,1e-10,False,1.6099999999999999,6.01,40,0.5347930424963208,1.593119376604034,61.5372692716712,0.4534540938070036,20.92,1,1.0
SD,2000,1.0,1e-10,False,1.6099999999999999,6.01,40,0.5453221768622778,1.5939966410867061,63.19777566298686,0.24903193087498138,27.99,1,1.0
SD,2000,1.0,1e-10,False,1.6099999999999999,6.01,40,0.535535802131724,1.5951337869032074,63.85050899671404,0.24039638126230553,31.12,1,1.0
SD,2000,1.0,1e-10,False,1.8099999999999998,6.01,40,0.5462026078342745,1.5918373408088453,62.60877045312774,0.24902097206525894,30.58,1,1.0
SD,2000,1.0,1e-10,False,1.8099999999999998,6.01,40,0.5107307161155432,1.5952298048833415,66.2859243037866,0.13940029089616804,40.65,1,1.0
SD,2000,1.0,1e-10,False,1.8099999999999998,6.01,40,0.5458311798801797,1.5949747866977488,65.37387632316567,0.09674935453338314,37.83,1,1.0
SD,2000,1.0,1e-10,False,1.8099999999999998,6.01,40,0.5200981614230746,1.5919140380237502,62.49294172649592,0.21262572109572694,32.71,1,1.0
SD,2000,1.0,1e-10,False,2.01,6.01,40,0.5372363691324403,1.5896643454316677,64.01661334127446,0.22702508840044627,26.75,1,1.0
SD,2000,1.0,1e-10,False,2.01,6.01,40,0.5257629932885971,1.591437139000373,65.39832867528499,0.10141684397179111,36.95,1,1.0
SD,2000,1.0,1e-10,False,2.01,6.01,40,0.5422707363384519,1.5916778513659504,63.77163182586434,0.10032788485383015,38.12,1,1.0
SD,2000,1.0,1e-10,False,2.01,6.01,40,0.5391191143268932,1.5904319608379964,64.63775137096751,0.09230022822552118,36.07,1,1.0
SD,2000,1.0,1e-10,False,2.21,6.01,40,0.5180573246371756,1.5937284644612082,67.77783983460158,0.08562416865004528,42.42,1,1.0
SD,2000,1.0,1e-10,False,2.21,6.01,40,0.5277971585167343,1.5846070222514337,60.43132384640284,0.2227476405084699,30.75,1,1.0
SD,2000,1.0,1e-10,False,2.21,6.01,40,0.5276480322900613,1.5927652130715384,67.97041372190536,0.12950722270730358,39.02,1,1.0
SD,2000,1.0,1e-10,False,2.21,6.01,40,0.529231129107089,1.5863929855164216,62.87723192745906,0.13794882209173878,35.42,1,1.0
SD,2000,1.0,1e-10,False,2.41,6.01,40,0.5381212341648529,1.5792060512432078,59.375275717352274,0.12051073768443264,37.72,1,1.0
SD,2000,1.0,1e-10,False,2.41,6.01,40,0.5308430615200505,1.5910234213261727,68.11797860151088,0.06248570907839911,40.02,1,1.0
SD,2000,1.0,1e-10,False,2.41,6.01,40,0.5210493480416055,1.590571149645232,66.66934883838908,0.05298149085571221,40.38,1,1.0
SD,2000,1.0,1e-10,False,2.41,6.01,40,0.5295417803167245,1.5793454591123637,59.832136123353074,0.0830008423546436,34.3,1,1.0
SD,2000,1.0,1e-10,False,2.6100000000000003,6.01,40,0.5332477634967868,1.5812776871607555,62.38912839582673,0.09388195364082004,41.26,1,1.0
SD,2000,1.0,1e-10,False,2.6100000000000003,6.01,40,0.5393018528748798,1.582924193030755,62.28918994942584,0.09561945300765864,36.14,1,1.0
SD,2000,1.0,1e-10,False,2.6100000000000003,6.01,40,0.5264218203350165,1.5951651052049183,59.54340021579945,0.10905585459528812,39.65,1,1.0
SD,2000,1.0,1e-10,False,2.6100000000000003,6.01,40,0.5320884756856237,1.5932464440402312,72.552910625116,0.12515999431724614,38.93,1,1.0
SD,2000,1.0,1e-10,False,2.8100000000000005,6.01,40,0.5257927577376638,1.5845744903258037,65.4066237604033,0.04219513193945214,38.2,1,1.0
SD,2000,1.0,1e-10,False,2.8100000000000005,6.01,40,0.5216637654868695,1.5851015499064842,64.4502729505519,0.09179129960181825,33.75,1,1.0
SD,2000,1.0,1e-10,False,2.8100000000000005,6.01,40,0.5261555184402168,1.579851385717308,62.62501854057021,0.1129384008543558,37.18,1,1.0
SD,2000,1.0,1e-10,False,2.8100000000000005,6.01,40,0.5247058065761246,1.5878141332398394,52.458509299230826,0.15052914199408185,36.13,1,1.0
SD,2000,1.0,1e-10,False,3.0100000000000007,6.01,40,0.5457522946159408,1.5852295785985226,66.73880079005905,0.08695207937888721,40.34,1,1.0
SD,2000,1.0,1e-10,False,3.0100000000000007,6.01,40,0.5327878635435618,1.5834942846200224,64.41482846895282,0.07126564314232088,41.88,1,1.0
SD,2000,1.0,1e-10,False,3.0100000000000007,6.01,40,0.5268639240459942,1.5923386567083981,71.14586896812263,0.07003722663867556,46.37,1,1.0
SD,2000,1.0,1e-10,False,3.0100000000000007,6.01,40,0.534818904323044,1.5912559547476235,68.16528835862499,0.074374257856005,44.21,1,1.0
SD,2000,1.0,1e-10,False,3.210000000000001,6.01,40,0.5314912755460588,1.5841764400912586,65.64819603780815,0.07912714192731328,42.27,1,1.0
SD,2000,1.0,1e-10,False,3.210000000000001,6.01,40,0.5443287881451649,1.5877995151756354,67.31105136217384,0.0643918528529889,42.91,1,1.0
SD,2000,1.0,1e-10,False,3.210000000000001,6.01,40,0.5323058760351044,1.5863661520453503,63.56492274296054,0.055429114431703674,41.24,1,1.0
SD,2000,1.0,1e-10,False,3.210000000000001,6.01,40,0.5326581859472594,1.580646678611929,63.96624141304893,0.1271968211097439,37.14,1,1.0
SD,2000,1.0,1e-10,False,3.410000000000001,6.01,40,0.5323870363198177,1.5895398049509886,70.31387312903787,0.045938540846989055,41.88,1,1.0
SD,2000,1.0,1e-10,False,3.410000000000001,6.01,40,0.5517417305573473,1.5924468771128786,72.69056695877386,0.05820521804637284,45.39,1,1.0
SD,2000,1.0,1e-10,False,3.410000000000001,6.01,40,0.5208586328953637,1.582663979313314,64.30641136644714,0.05164899345385808,42.16,1,1.0
SD,2000,1.0,1e-10,False,3.410000000000001,6.01,40,0.5345726246088083,1.575828750365923,62.21156563248326,0.11096927712699466,37.07,1,1.0
SD,2000,1.0,1e-10,False,3.610000000000001,6.01,40,0.5338478845247021,1.5735319802554761,58.869678796881274,0.05842637244687871,38.2,1,1.0
SD,2000,1.0,1e-10,False,3.610000000000001,6.01,40,0.5383691138455134,1.580597469058035,64.53294702857683,0.06630441869835392,41.03,1,1.0
SD,2000,1.0,1e-10,False,3.610000000000001,6.01,40,0.5314497641618893,1.5823111367253964,65.78679923656878,0.06466424004795929,42.05,1,1.0
SD,2000,1.0,1e-10,False,3.610000000000001,6.01,40,0.5331017793142647,1.590928098376041,71.85065296973991,0.05065842536797119,42.52,1,1.0
SD,2000,1.0,1e-10,False,3.8100000000000014,6.01,40,0.5379485444373456,1.589045461564966,69.33720417745388,0.06160809930864184,44.86,1,1.0
SD,2000,1.0,1e-10,False,3.8100000000000014,6.01,40,0.5193443122052371,1.574061772304583,61.905569172181885,0.06550993108323823,40.6,1,1.0
SD,2000,1.0,1e-10,False,3.8100000000000014,6.01,40,0.5289995496636914,1.588538360888105,70.24417985335913,0.05794347579689365,44.51,1,1.0
SD,2000,1.0,1e-10,False,3.8100000000000014,6.01,40,0.5279385911735978,1.5835540104495005,66.84545237917439,0.08404305951611515,44.62,1,1.0
SD,2000,1.0,1e-10,False,4.010000000000002,6.01,40,0.5260473134316616,1.589666798318272,71.64145713759194,0.05147205747215615,44.46,1,1.0
SD,2000,1.0,1e-10,False,4.010000000000002,6.01,40,0.5312192930055678,1.5828521407354277,67.07199040062343,0.043806541379172836,39.18,1,1.0
SD,2000,1.0,1e-10,False,4.010000000000002,6.01,40,0.5327766403082734,1.657545438453941,54.19369691454648,0.09570567309153628,41.48,1,1.0
SD,2000,1.0,1e-10,False,4.010000000000002,6.01,40,0.5212206463566229,1.584623688196747,66.99422071454009,0.05822337074839443,42.4,1,1.0
SD,2000,1.0,1e-10,False,4.210000000000002,6.01,40,0.5317769003968849,1.5802111170863855,66.22951981222819,0.03196881555732504,37.79,1,1.0
SD,2000,1.0,1e-10,False,4.210000000000002,6.01,40,0.5376491146367012,1.7755461118609248,54.6809049948976,0.046139001378980686,44.1,1,1.0
SD,2000,1.0,1e-10,False,4.210000000000002,6.01,40,0.5307076963078703,1.5986417581789436,60.23108749954279,0.040935531643939906,40.09,1,1.0
SD,2000,1.0,1e-10,False,4.210000000000002,6.01,40,0.5423506505631296,1.5783872930836835,64.95749587236686,0.04438305472885186,41.61,1,1.0
SD,2000,1.0,1e-10,False,4.410000000000002,6.01,40,0.5248390053429471,1.5869584920242565,68.15460883659846,0.05392152987314729,43.66,1,1.0
SD,2000,1.0,1e-10,False,4.410000000000002,6.01,40,0.5387186000525375,1.5827820426100516,66.63797062007997,0.058449783120018826,42.65,1,1.0
SD,2000,1.0,1e-10,False,4.410000000000002,6.01,40,0.524383729795046,1.5803531919735858,66.11753660023116,0.12670507478153997,37.92,1,1.0
SD,2000,1.0,1e-10,False,4.410000000000002,6.01,40,0.5484917380323879,1.6868734650239607,46.235575056218394,0.044288281236748106,35.56,1,1.0
SD,2000,1.0,1e-10,False,4.610000000000002,6.01,40,0.5155085133692426,1.582599824186176,63.79635317363382,0.04267949613602795,41.82,1,1.0
SD,2000,1.0,1e-10,False,4.610000000000002,6.01,40,0.5250706593066791,1.5880519307967371,69.95667119064998,0.04857517715153873,42.35,1,1.0
SD,2000,1.0,1e-10,False,4.610000000000002,6.01,40,0.5514820219170471,1.5843418121678108,67.26275099715171,0.04524480079487448,39.41,1,1.0
SD,2000,1.0,1e-10,False,4.610000000000002,6.01,40,0.5364781847723111,1.5910655926930473,72.4480178723376,0.0456870679503576,42.69,1,1.0
SD,2000,1.0,1e-10,False,4.810000000000002,6.01,40,0.5233646260693073,1.5859460430361105,68.14266003774925,0.07747525553402448,45.55,1,1.0
SD,2000,1.0,1e-10,False,4.810000000000002,6.01,40,0.5279080782234364,1.5713603290176836,60.72457497749864,0.0730584766546535,42.06,1,1.0
SD,2000,1.0,1e-10,False,4.810000000000002,6.01,40,0.5163372054317709,1.581658430175663,66.96075649320083,0.042745784549089526,37.91,1,1.0
SD,2000,1.0,1e-10,False,4.810000000000002,6.01,40,0.5303594228322477,1.5935006158149734,74.46163240241567,0.04903188515706247,45.4,1,1.0
SD,2000,1.0,1e-10,False,5.0100000000000025,6.01,40,0.5351847710803787,1.58851749152188,71.56569193152916,0.03938062316667129,40.49,1,1.0
SD,2000,1.0,1e-10,False,5.0100000000000025,6.01,40,0.5428025380044104,1.5880026534390206,70.69395216166666,0.057969167590944365,46.0,1,1.0
SD,2000,1.0,1e-10,False,5.0100000000000025,6.01,40,0.5341876787069172,1.6248703386474503,57.497691475277875,0.039016463025901414,39.04,1,1.0
SD,2000,1.0,1e-10,False,5.0100000000000025,6.01,40,0.5394873085281583,1.5758701610108892,62.687897548083896,0.04323255403593772,39.23,1,1.0
SD,2000,1.0,1e-10,False,5.210000000000003,6.01,40,0.5378228369995218,1.5805120915180815,65.79206395507944,0.050826823424216704,40.81,1,1.0
SD,2000,1.0,1e-10,False,5.210000000000003,6.01,40,0.5287525370166969,1.657673440690434,47.56947795568592,0.056554615392849956,38.67,1,1.0
SD,2000,1.0,1e-10,False,5.210000000000003,6.01,40,0.5275284006056771,1.5914200499453937,73.96507405560953,0.05470378589579456,47.39,1,1.0
SD,2000,1.0,1e-10,False,5.210000000000003,6.01,40,0.5345668165412043,1.5898788238015225,71.47184785896825,0.08093514465395947,43.22,1,1.0
SD,2000,1.0,1e-10,False,5.410000000000003,6.01,40,0.5273113701501846,1.5809875771599018,65.51237105691408,0.04225113841027188,38.55,1,1.0
SD,2000,1.0,1e-10,False,5.410000000000003,6.01,40,0.538095800894944,1.5958978762424303,77.88054085168469,0.0503192106809359,47.44,1,1.0
SD,2000,1.0,1e-10,False,5.410000000000003,6.01,40,0.5223721605460528,1.588746135781931,72.47467179877837,0.03811652425650217,41.23,1,1.0
SD,2000,1.0,1e-10,False,5.410000000000003,6.01,40,0.5132605418069645,1.5815103144276874,65.92391265621453,0.043135688853429346,40.47,1,1.0
SD,2000,1.0,1e-10,False,5.610000000000003,6.01,40,0.5297692921969837,1.5887144291363717,72.69184491353954,0.05256330067610655,44.05,1,1.0
SD,2000,1.0,1e-10,False,5.610000000000003,6.01,40,0.5233023923332457,1.589475745655863,74.23091779818033,0.05858952000295385,46.91,1,1.0
SD,2000,1.0,1e-10,False,5.610000000000003,6.01,40,0.527659957722529,1.5825686872395057,62.976771732131375,0.10575625605555734,40.01,1,1.0
SD,2000,1.0,1e-10,False,5.610000000000003,6.01,40,0.5309648568422053,1.5736511588803515,59.9735730068027,0.04974973263186239,39.18,1,1.0
SD,2000,1.0,1e-10,False,5.810000000000003,6.01,40,0.535062220202936,1.5899632665659855,71.11005913519668,0.05084078557426665,44.37,1,1.0
SD,2000,1.0,1e-10,False,5.810000000000003,6.01,40,0.5277229294599559,1.5854197065203846,59.840777354679,0.04228360715024021,37.06,1,1.0
SD,2000,1.0,1e-10,False,5.810000000000003,6.01,40,0.5374383612528384,1.5855479053895785,67.50421802508721,0.048988784457249385,41.89,1,1.0
SD,2000,1.0,1e-10,False,5.810000000000003,6.01,40,0.5287001119596074,1.592524736221419,76.09499518174582,0.0539433227133695,46.43,1,1.0
SD,2000,1.0,1e-10,False,6.010000000000003,6.01,40,0.5299346744749336,1.5829136984097214,67.38233057260737,0.05860407050938311,42.99,1,1.0
SD,2000,1.0,1e-10,False,6.010000000000003,6.01,40,0.535355283009407,1.5906063627941711,61.420362972427036,0.03776958006120662,39.56,1,1.0
SD,2000,1.0,1e-10,False,6.010000000000003,6.01,40,0.5268863389173576,1.586882552104151,69.42152617631102,0.03876784918463289,40.46,1,1.0
SD,2000,1.0,1e-10,False,6.010000000000003,6.01,40,0.5338910276704525,1.5934935008824935,75.55733415292408,0.04215241855302511,45.14,1,1.0
SD,2000,1.0,1e-10,False,6.2100000000000035,6.01,40,0.5160813561129758,1.592937452513043,75.17997320691754,0.060825905035477225,46.41,1,1.0
SD,2000,1.0,1e-10,False,6.2100000000000035,6.01,40,0.5210218513538841,1.5743937374857557,63.34499583332978,0.05351242376500211,42.6,1,1.0
SD,2000,1.0,1e-10,False,6.2100000000000035,6.01,40,0.5236144596998874,1.5845134549868995,69.2379009962004,0.08330325843104534,43.29,1,1.0
SD,2000,1.0,1e-10,False,6.2100000000000035,6.01,40,0.5303877718129261,1.581778471377759,67.4600695171094,0.05732338521771722,43.74,1,1.0
SD,2000,1.0,1e-10,False,6.410000000000004,6.01,40,0.5269323168056292,1.5845245645773927,61.922658392503074,0.06899181266029267,43.16,1,1.0
SD,2000,1.0,1e-10,False,6.410000000000004,6.01,40,0.5373286646075099,1.581401423110063,67.05480672975169,0.04892996420980768,43.22,1,1.0
SD,2000,1.0,1e-10,False,6.410000000000004,6.01,40,0.514800618690579,1.6430465510390255,58.81996068180353,0.046062015793153485,43.95,1,1.0
SD,2000,1.0,1e-10,False,6.410000000000004,6.01,40,0.5168183121395087,1.5688734668235949,57.895322400835724,0.04219344714475217,39.02,1,1.0
SD,2000,1.0,1e-10,False,6.610000000000004,6.01,40,0.5347776672478379,1.7511704771273424,49.396177882308656,0.07421866497873061,44.67,1,1.0
SD,2000,1.0,1e-10,False,6.610000000000004,6.01,40,0.5283203182151962,1.5945682330108728,76.37886128661093,0.036896594380038936,43.47,1,1.0
SD,2000,1.0,1e-10,False,6.610000000000004,6.01,40,0.543241660884959,1.5757246052252811,63.61547912306421,0.04571090332618021,40.08,1,1.0
SD,2000,1.0,1e-10,False,6.610000000000004,6.01,40,0.5319189136235383,1.5900077296240434,73.82290322065968,0.042285394942710025,43.12,1,1.0
SD,2000,1.0,1e-10,False,6.810000000000004,6.01,40,0.5183061113103062,1.5872578292317634,70.3963271574719,0.03744486112253091,41.46,1,1.0
SD,2000,1.0,1e-10,False,6.810000000000004,6.01,40,0.516653867598102,1.5767407253420285,64.92163429363703,0.042284764814753004,40.44,1,1.0
SD,2000,1.0,1e-10,False,6.810000000000004,6.01,40,0.5199528186183313,1.5730434195242478,61.2689844776611,0.0500202278268637,40.58,1,1.0
SD,2000,1.0,1e-10,False,6.810000000000004,6.01,40,0.5148611625233713,1.5817270821194849,67.85351436595569,0.0426852343150243,39.94,1,1.0
SD,2000,1.0,1e-10,False,7.010000000000004,6.01,40,0.5407925521249323,1.591533275411316,74.41748383790838,0.042849867428655486,45.76,1,1.0
SD,2000,1.0,1e-10,False,7.010000000000004,6.01,40,0.517963633738692,1.586630393496736,71.09614448141538,0.041371558575515145,43.73,1,1.0
SD,2000,1.0,1e-10,False,7.010000000000004,6.01,40,0.5272632043649657,1.5746739627386803,63.43954153000655,0.10313784920683385,39.91,1,1.0
SD,2000,1.0,1e-10,False,7.010000000000004,6.01,40,0.5210956221966435,1.5882226983473517,71.63581011833972,0.04598133024626951,41.73,1,1.0
SD,2000,1.0,1e-10,False,7.210000000000004,6.01,40,0.518167109402051,1.5721865291768946,61.924449191345964,0.06041056269120767,37.37,1,1.0
SD,2000,1.0,1e-10,False,7.210000000000004,6.01,40,0.5069892876394984,1.5853897314980285,68.50462755542755,0.04444291512115138,43.74,1,1.0
SD,2000,1.0,1e-10,False,7.210000000000004,6.01,40,0.5201242793698685,1.593623185183688,77.22903173523656,0.04055452551066582,41.93,1,1.0
SD,2000,1.0,1e-10,False,7.210000000000004,6.01,40,0.512862279061642,1.5799770921615404,67.47363090070414,0.0392971684435407,42.85,1,1.0
SD,2000,1.0,1e-10,False,7.410000000000005,6.01,40,0.5128130168737339,1.5800862044222501,65.48390143880552,0.038498136665112065,38.95,1,1.0
SD,2000,1.0,1e-10,False,7.410000000000005,6.01,40,0.5254889808309132,1.584514732456413,68.4607564009269,0.05030312393237268,43.58,1,1.0
SD,2000,1.0,1e-10,False,7.410000000000005,6.01,40,0.5280323761046019,1.586741000267602,71.63079993328468,0.04757107627043086,41.3,1,1.0
SD,2000,1.0,1e-10,False,7.410000000000005,6.01,40,0.5316039438440553,1.5831983849949272,67.35377483829421,0.038511427223034744,41.79,1,1.0
SD,2000,1.0,1e-10,False,7.610000000000005,6.01,40,0.5283507399258579,1.6170346943596285,53.85784385363157,0.061695684724780875,43.32,1,1.0
SD,2000,1.0,1e-10,False,7.610000000000005,6.01,40,0.5195951287750186,1.5894046041040748,72.50971689778031,0.05025005399373636,43.77,1,1.0
SD,2000,1.0,1e-10,False,7.610000000000005,6.01,40,0.5090202400649378,1.5893316696647255,72.49628441781431,0.0405215946363926,44.6,1,1.0
SD,2000,1.0,1e-10,False,7.610000000000005,6.01,40,0.5163022146873597,1.5895249279438022,73.57998080074238,0.052658856800155085,44.75,1,1.0
SD,2000,1.0,1e-10,False,7.810000000000005,6.01,40,0.5224828896706833,1.5860416417705154,70.88766510271122,0.04628249488065239,45.68,1,1.0
SD,2000,1.0,1e-10,False,7.810000000000005,6.01,40,0.5138418733160609,1.5773118541514974,64.01397812235932,0.05112796368861708,42.9,1,1.0
SD,2000,1.0,1e-10,False,7.810000000000005,6.01,40,0.5183693563129047,1.572096725805145,61.49506417578132,0.05199483322556054,42.11,1,1.0
SD,2000,1.0,1e-10,False,7.810000000000005,6.01,40,0.5230897228756249,1.5766549289083904,63.39206651658588,0.04410581175230402,40.71,1,1.0
SD,2000,1.0,1e-10,False,8.010000000000005,6.01,40,0.5263274871105929,1.579471538089333,66.90367131014703,0.06733611401275692,44.22,1,1.0
SD,2000,1.0,1e-10,False,8.010000000000005,6.01,40,0.5133662972580518,1.5859256978778689,70.05063802417418,0.059473412886088005,45.51,1,1.0
SD,2000,1.0,1e-10,False,8.010000000000005,6.01,40,0.5093206389958158,1.5863362505351049,69.41508435825908,0.04815648200919441,42.77,1,1.0
SD,2000,1.0,1e-10,False,8.010000000000005,6.01,40,0.5182643325778523,1.584575549517887,69.81020715116915,0.04635805478907329,46.44,1,1.0
