run_id,name,N,J,noise,periodic,beta,gamma,mean_degree,first_moment,second_moment,r_mean,alpha,Tc,gap_0,participation_fraction,avg_internal_degree,n_components,largest_component_fraction
20260409_182418_163081,SD,4000,1.0,1e-10,False,1.61,6.01,15,15.2095,260.608,0.5375391434439847,1.5752843361405,25.027156899524794,0.8728183953365587,0.027430259758355252,13.45,1,1.0
20260409_182430_693336,SD,4000,1.0,1e-10,False,1.61,6.01,15,15.104,257.4855,0.5392808655462329,1.5734167497587745,24.617541099660624,0.6808246606914139,0.05361830267872662,15.485,1,1.0
20260409_182443_314499,SD,4000,1.0,1e-10,False,1.61,6.01,15,15.004,253.393,0.533061392940797,1.57158388023492,23.889915453123724,0.11692803464129042,0.03327881671486535,14.505,2,0.9975
20260409_182455_898990,SD,4000,1.0,1e-10,False,1.61,6.01,15,15.083,256.495,0.5390196954667007,1.580392511570113,26.137542208788584,1.3016005057408329,0.020383065029754562,15.1,1,1.0
20260409_182508_546716,SD,4000,1.0,1e-10,False,1.61,6.01,15,15.151,258.388,0.5409867523402838,1.5730505717615622,24.753234512778246,0.29757409206126795,0.036892579769623846,14.53,2,0.9825
20260409_182521_184100,SD,4000,1.0,1e-10,False,1.61,6.01,15,15.0935,256.851,0.5332580751322556,1.5799755560668538,26.14217489060263,1.3548643618854541,0.0225230851422346,14.86,1,1.0
20260409_182533_908593,SD,4000,1.0,1e-10,False,1.61,6.01,15,14.919,251.0725,0.5365024839326962,1.5759534579358743,24.900247018196826,0.5195768977228887,0.027163998348810746,14.05,2,0.9975
20260409_182546_528935,SD,4000,1.0,1e-10,False,1.61,6.01,15,14.9935,253.771,0.5295562650201542,1.5730685784687881,24.692282168587575,0.2791936386486178,0.03298941524748319,14.435,2,0.9725
20260409_182559_570784,SD,4000,1.0,1e-10,False,1.61,6.01,15,15.073,255.576,0.5337676696531245,1.576473894250859,25.343399286719443,0.5808703597603717,0.031181400147473746,14.855,2,0.9625
20260409_182613_477068,SD,4000,1.0,1e-10,False,1.61,6.01,15,15.0715,257.191,0.5305425717136151,1.5824250388424,26.662417757632888,1.835713830188677,0.02983948578791401,15.605,1,1.0
20260409_182628_486367,SD,3999,1.0,1e-10,False,1.61,6.01,15,15.074268567141786,257.4033508377094,0.5457291321564155,1.580662543217744,26.62878909107568,0.6482140792953572,0.019102069843203756,12.22,1,1.0
20260409_182642_705516,SD,4000,1.0,1e-10,False,1.61,6.01,15,15.074,255.5945,0.5376203281717978,1.5686489103499197,23.917920758826224,0.3789436868968501,0.07017578810750306,13.825,1,1.0
20260409_182655_558536,SD,4000,1.0,1e-10,False,1.61,6.01,15,15.1535,259.094,0.5338785056891984,1.5765883981343087,25.6904806939521,0.2380793688892915,0.02795157020495164,14.055,2,0.9125
20260409_182708_220089,SD,4000,1.0,1e-10,False,1.61,6.01,15,15.037,254.581,0.5340847817664541,1.5691068327729027,23.41736900711931,0.3629776065858934,0.13091696768544145,13.155,1,1.0
20260409_182720_902840,SD,4000,1.0,1e-10,False,1.61,6.01,15,14.9385,250.8285,0.5246721410724449,1.5657940605998024,22.920939208317005,0.35299077822123337,0.11695307861988322,12.525,1,1.0
20260409_182733_591899,SD,4000,1.0,1e-10,False,1.61,6.01,15,14.924,251.2085,0.5336389495642498,1.5646323977539474,23.08319955391216,0.30273600790494015,0.14266816482392441,12.81,1,1.0
20260409_182747_523847,SD,4000,1.0,1e-10,False,1.61,6.01,15,15.0925,258.4215,0.5372493004631704,1.5838888328609992,27.632232939590683,1.688681085431483,0.011593693462098292,13.235,1,1.0
20260409_182800_890805,SD,4000,1.0,1e-10,False,1.61,6.01,15,15.09,257.7685,0.5410656739282009,1.584973644912384,28.400537190343424,0.759781085148127,0.013461916301659667,13.335,1,1.0
20260409_182814_510716,SD,4000,1.0,1e-10,False,1.61,6.01,15,15.1055,256.168,0.5327338484321229,1.5746994786615005,24.89910816397599,0.32561092080838705,0.04975960571039697,14.135,1,1.0
20260409_182827_780496,SD,4000,1.0,1e-10,False,1.61,6.01,15,15.117,257.858,0.5373761210972381,1.5671104298497123,23.716702747842827,0.15624265083344824,0.07671923610205246,14.745,1,1.0
20260409_182841_231318,SD,4000,1.0,1e-10,False,1.61,6.01,15,14.9205,250.106,0.5369364125402752,1.5736507448405253,24.15870289765126,0.820698810665121,0.032843019146109535,14.2,1,1.0
20260409_182854_800955,SD,4000,1.0,1e-10,False,1.61,6.01,15,15.0655,255.8455,0.5448655190184476,1.57559047537825,24.78833807690382,0.8097847332209547,0.018693967638577617,13.635,1,1.0
20260409_182908_282047,SD,4000,1.0,1e-10,False,1.61,6.01,15,15.1075,256.3705,0.5335407088243044,1.5783958283799109,25.518781989332243,0.8669664295530382,0.018027348769745176,13.455,1,1.0
20260409_182922_385431,SD,4000,1.0,1e-10,False,1.61,6.01,15,15.077,254.761,0.5432281147600099,1.5714652121150592,24.20770775860638,0.29989564686082204,0.0255282721190716,12.905,3,0.9525
20260409_182936_391757,SD,4000,1.0,1e-10,False,1.61,6.01,15,15.037,256.411,0.5314787675689999,1.5737231572285042,24.79796166197594,0.12181486478203851,0.030316360539221304,14.065,2,0.995
20260409_182949_564907,SD,4000,1.0,1e-10,False,1.61,6.01,15,15.0325,254.3695,0.5424005833703318,1.5794881266900656,25.98328159975797,0.8416399039375548,0.014610944547622939,13.72,1,1.0
20260409_183002_825467,SD,4000,1.0,1e-10,False,1.61,6.01,15,15.177,259.4,0.5399494633134011,1.565569480564987,23.312496897483587,0.21774393929956304,0.07243955108265987,12.4,1,1.0
20260409_183016_410002,SD,4000,1.0,1e-10,False,1.61,6.01,15,15.2325,263.0595,0.5382455912883564,1.580941034104073,27.307579949328492,1.0470996374821802,0.025933551719353045,14.57,1,1.0
20260409_183030_409729,SD,4000,1.0,1e-10,False,1.61,6.01,15,15.0135,253.3465,0.538984673077666,1.5825495798871128,26.604945198002206,2.0768955497896826,0.01202717897144511,12.86,1,1.0
20260409_183043_689532,SD,4000,1.0,1e-10,False,1.61,6.01,15,15.27,264.4205,0.5275211068641049,1.582985552607134,27.648978663445252,1.1053281979330478,0.016892297339923833,13.825,1,1.0
20260409_183057_002837,SD,4000,1.0,1e-10,False,1.61,6.01,15,14.9885,252.648,0.5337045363281455,1.564731345926745,23.050229215219964,0.23329908493362694,0.039453023090406235,12.655,1,1.0
20260409_183110_761928,SD,4000,1.0,1e-10,False,1.61,6.01,15,15.0515,254.34,0.5350945679026523,1.5692993031485585,23.264568324872762,0.11322490861729051,0.057495342050626855,13.92,1,1.0
20260409_183123_577116,SD,4000,1.0,1e-10,False,1.61,6.01,15,15.0635,256.0485,0.536139765265111,1.5782344411697142,25.99766853791328,0.28075816392564334,0.03474880489963604,14.945,1,1.0
20260409_183136_236198,SD,4000,1.0,1e-10,False,1.61,6.01,15,15.029,254.1385,0.5330265896428665,1.5771224084638824,25.126421439035866,0.9746761336169243,0.011398629146560323,13.57,1,1.0
20260409_183148_934829,SD,4000,1.0,1e-10,False,1.61,6.01,15,15.0225,254.031,0.5216986745140955,1.5816521052761587,26.20572447595477,1.572356102583914,0.014486727175411915,12.765,1,1.0
20260409_183201_635586,SD,4000,1.0,1e-10,False,1.61,6.01,15,15.134,258.356,0.5376526325511252,1.5695512714632358,24.10087063304424,0.4052577783428717,0.08343170894330959,14.07,1,1.0
20260409_183214_337962,SD,4000,1.0,1e-10,False,1.61,6.01,15,14.9585,251.9835,0.5361517257473908,1.5746348096904337,24.588333694891553,0.8208497936280281,0.021861064576670784,12.32,1,1.0
20260409_183227_006422,SD,4000,1.0,1e-10,False,1.61,6.01,15,15.0015,254.575,0.533253512936366,1.5807682601734916,26.38820993771456,1.1947769958330277,0.012785559129319066,13.01,2,0.9975
20260409_183239_729720,SD,4000,1.0,1e-10,False,1.61,6.01,15,14.879,248.904,0.5425835394782668,1.578018722683843,25.166368117227545,1.0180166895166813,0.014972403524518042,12.77,1,1.0
20260409_183252_452243,SD,4000,1.0,1e-10,False,1.61,6.01,15,15.008,253.0015,0.5352249511004014,1.5799853990812411,25.715092246120133,1.6274632091909744,0.02618815230589143,15.095,1,1.0
20260409_183305_163889,SD,4000,1.0,1e-10,False,1.61,6.01,15,15.033,254.446,0.5383643129718122,1.5773113529689387,25.561216659904204,0.6920915643591776,0.023798751557621553,14.785,1,1.0
20260409_183318_533449,SD,4000,1.0,1e-10,False,1.61,6.01,15,15.1365,258.852,0.5313797322762055,1.5641888480177695,23.292605148286558,0.1894673363787831,0.040718733814986696,14.275,3,0.985
20260409_184434_319018,SD,4000,1.0,1e-10,False,1.61,6.01,15,15.0685,253.9405,0.5308925962388522,1.5753805306287691,24.649404471942805,0.702204181676457,0.018877709960359725,14.585,1,1.0
20260409_184453_740980,SD,4000,1.0,1e-10,False,1.61,6.01,15,15.0445,254.5605,0.5405253906600365,1.5745383351328104,24.853084743832657,0.39929519597680496,0.018336563280193546,13.475,1,1.0
20260409_184507_359370,SD,4000,1.0,1e-10,False,1.61,6.01,15,15.0085,254.952,0.5395326511237598,1.5812652157266402,26.38718288653365,1.1161930598031162,0.036243612789763915,15.295,1,1.0
20260409_184519_946725,SD,4000,1.0,1e-10,False,1.61,6.01,15,15.124,258.3215,0.5386057821693613,1.5723527516143296,24.694342722047722,0.21062353547967305,0.031051376675686485,13.315,1,1.0
20260409_184532_577709,SD,4000,1.0,1e-10,False,1.61,6.01,15,15.1925,260.955,0.5241796038859938,1.5749820710557885,25.346082778806906,0.4637822967205629,0.04269566717329078,15.32,2,0.9975
20260409_184545_118901,SD,4000,1.0,1e-10,False,1.61,6.01,15,15.052,254.437,0.5349496135782995,1.577570694221419,25.185783108631703,0.9402907645536196,0.01297924736605998,13.495,1,1.0
20260409_184557_711612,SD,4000,1.0,1e-10,False,1.61,6.01,15,14.999,254.71,0.5470929667813967,1.5823189277228598,27.14765692015942,0.7048100735721121,0.015291189415044853,13.155,1,1.0
20260409_184610_302704,SD,4000,1.0,1e-10,False,1.61,6.01,15,14.943,252.7435,0.528348084913717,1.5812059935556706,26.427706114411453,0.9241327840902578,0.01657713518707136,13.345,1,1.0
20260409_184622_953692,SD,4000,1.0,1e-10,False,1.61,6.01,15,14.957,253.0205,0.5438128243728347,1.5835090142935324,27.598959143900583,0.6872845964194667,0.013944147006314953,12.39,2,0.9975
20260409_184635_552053,SD,4000,1.0,1e-10,False,1.61,6.01,15,14.938,252.039,0.5314125133305191,1.5726207072510303,24.23592697739636,0.4053381202885902,0.01952982117976427,12.89,1,1.0
20260409_184648_134999,SD,4000,1.0,1e-10,False,1.61,6.01,15,15.0825,255.904,0.538096217055126,1.5831887331300298,27.148611059912405,1.2436474393938397,0.015982852770480057,14.71,1,1.0
20260409_184700_681225,SD,4000,1.0,1e-10,False,1.61,6.01,15,15.1155,258.898,0.5291602570543436,1.5778883510178787,25.993162640129754,0.7790374253994159,0.021827752668201795,13.9,1,1.0
20260409_184713_331059,SD,4000,1.0,1e-10,False,1.61,6.01,15,15.008,254.5945,0.5407640533959869,1.5737032464314367,24.995898591484657,0.2838273114699881,0.05405605740566708,15.64,1,1.0
20260409_184726_623355,SD,4000,1.0,1e-10,False,1.61,6.01,15,14.9315,250.9595,0.5369702036645216,1.5663577941822076,23.239561065677535,0.26778963253550714,0.11141118793441725,13.955,1,1.0
20260409_185727_849207,SD,4000,1.0,1e-10,False,1.61,6.01,15,15.005,255.2535,0.5287986497849916,1.5784025215360322,25.659941592097915,0.6834864821384556,0.02987540206460477,13.975,1,1.0
20260409_190432_877326,SD,4000,1.0,1e-10,False,1.61,6.01,15,15.04,254.166,0.5298786592883126,1.5749881287311966,24.77590770296094,0.6538105550653661,0.030841055530028614,14.08,1,1.0
20260409_190519_475040,SD,4000,1.0,1e-10,False,1.61,6.01,15,14.988,252.1315,0.5350841472862973,1.5747240483894054,24.388029311911957,0.8634808402844918,0.03427062585566147,14.305,1,1.0
20260409_190902_743875,SD,4000,1.0,1e-10,False,1.61,6.01,15,15.012,255.6415,0.5290009430274978,1.5775142816341277,25.850238049941815,0.4837592256810552,0.03657728547514556,15.005,1,1.0
20260409_190916_879107,SD,4000,1.0,1e-10,False,1.61,6.01,15,14.845,247.9835,0.5337022735385154,1.5664137768221351,22.839098673001583,0.3603879259227085,0.05930347320480757,12.02,2,0.9975
20260409_190929_392178,SD,4000,1.0,1e-10,False,1.61,6.01,15,15.181,260.3715,0.5361294662552225,1.573899178097501,24.83361878219604,0.7303878974385327,0.03569556083719237,14.395,1,1.0
20260409_190941_939551,SD,4000,1.0,1e-10,False,1.61,6.01,15,15.0105,253.477,0.5351876581377717,1.5708147757595037,23.87132729315465,0.5322665607651373,0.05045675095322663,14.045,1,1.0
20260409_190954_614683,SD,4000,1.0,1e-10,False,1.61,6.01,15,14.993,253.87,0.5301519726005975,1.576797032046768,25.52021852801975,0.423327081905164,0.03692704466824654,14.28,1,1.0
20260409_191007_409478,SD,4000,1.0,1e-10,False,1.61,6.01,15,15.0645,254.885,0.5414051455014949,1.570328738019883,23.963064991200927,0.34040992519790336,0.022803802796696,14.06,2,0.9975
20260409_191019_943343,SD,4000,1.0,1e-10,False,1.61,6.01,15,15.07,256.7505,0.5436340750731367,1.5797483796153047,26.450692942903338,0.7571070880594775,0.017156374210017568,13.17,1,1.0
20260409_191032_521330,SD,4000,1.0,1e-10,False,1.61,6.01,15,15.0085,253.593,0.5376698350128295,1.5775823298308114,25.519470262089712,0.7416807087946857,0.02780776376091649,14.435,1,1.0
20260409_191045_068391,SD,4000,1.0,1e-10,False,1.61,6.01,15,15.0635,254.2905,0.5352267512850956,1.5707117645134048,24.04359875165062,0.4277979135493588,0.02642754839320687,12.66,1,1.0
20260409_191057_645626,SD,4000,1.0,1e-10,False,1.61,6.01,15,15.058,255.879,0.540291375329291,1.5809031750934002,26.269692450143562,1.3336656933828728,0.02061905078639783,14.435,1,1.0
20260409_191110_206274,SD,4000,1.0,1e-10,False,1.61,6.01,15,15.084,257.0705,0.5344320382523923,1.5762850029041164,25.19050559955767,0.8155211763281933,0.033703763249269277,14.885,1,1.0
20260409_191122_816197,SD,4000,1.0,1e-10,False,1.61,6.01,15,14.997,253.531,0.5286194517668418,1.5784571318166036,25.559164690905977,1.0931291732126311,0.03081667781044286,15.215,1,1.0
20260409_192652_411062,SD,4000,1.0,1e-10,False,1.61,6.01,15,15.126,257.8225,0.5322595930113398,1.5783285258815978,25.700224062506756,0.9303318024876042,0.02474098915482711,14.905,1,1.0
20260409_192705_196044,SD,4000,1.0,1e-10,False,1.61,6.01,15,14.974,252.03,0.5355460647533316,1.577055040135167,25.213196269992736,0.750439040243041,0.028256693340612225,14.63,1,1.0
20260409_192717_584389,SD,4000,1.0,1e-10,False,1.61,6.01,15,14.982,253.6045,0.5376645628562953,1.5794545844556473,25.76059255621475,1.1264986374087194,0.06511177158696409,15.535,1,1.0
20260409_193952_100124,SD,4000,1.0,1e-10,False,1.61,6.01,15,15.24,262.155,0.5346700347579157,1.5811708707584566,26.673497110683126,1.3895410544587463,0.028447773407199145,15.45,1,1.0
20260409_194006_520598,SD,4000,1.0,1e-10,False,1.61,6.01,15,15.0045,252.1065,0.5429398907877451,1.5711780985660246,23.563793957594793,0.7754238220041323,0.028116363436423177,13.24,1,1.0
20260409_194019_587820,SD,4000,1.0,1e-10,False,1.61,6.01,15,15.2635,261.68,0.5315947875683481,1.5681632987779686,23.915856539500876,0.4786793174503323,0.07869413137322191,13.765,2,0.995
20260409_194315_583619,SD,4000,1.0,1e-10,False,1.61,6.01,15,14.882,248.6085,0.5333044883672284,1.575388437836966,24.494972183072754,0.9974280982047645,0.03484812384062195,14.665,1,1.0
20260409_194329_437945,SD,4000,1.0,1e-10,False,1.61,6.01,15,14.9685,253.1535,0.5300890676301403,1.577736869628883,25.55313918285039,0.5500807295588075,0.01786536070275541,13.345,1,1.0
20260409_194342_446440,SD,4000,1.0,1e-10,False,1.61,6.01,15,15.041,254.6575,0.5323678688347755,1.574420107726263,24.625630246440775,0.6931722781845586,0.02624514652401957,14.73,3,0.995
20260409_194355_269569,SD,4000,1.0,1e-10,False,1.61,6.01,15,14.9485,252.2955,0.5381486392263791,1.579180778406789,25.88884374054103,0.9952705074715595,0.011303705618172117,12.99,2,0.995
20260409_194408_068514,SD,4000,1.0,1e-10,False,1.61,6.01,15,14.9735,253.621,0.5358247617982964,1.5701477908588903,24.268158599778438,0.21001518089500948,0.04913730311683703,14.3,1,1.0
20260409_194420_911596,SD,4000,1.0,1e-10,False,1.61,6.01,15,15.02,254.907,0.5397899219670426,1.5688034186674666,24.021961497581817,0.26526267834051254,0.01939014078603815,13.33,1,1.0
20260409_194433_673493,SD,4000,1.0,1e-10,False,1.61,6.01,15,14.9555,250.82,0.5308431219886117,1.5651074033744619,22.722904265144084,0.2080132178682561,0.15610655330029524,11.93,1,1.0
20260409_194446_467311,SD,4000,1.0,1e-10,False,1.61,6.01,15,15.1145,258.4515,0.5374850392315661,1.5752378245856755,24.206939568386254,0.08596560359221783,0.047971510993678745,14.89,2,0.8375
20260409_194459_026300,SD,4000,1.0,1e-10,False,1.61,6.01,15,15.0015,253.507,0.5349476800676873,1.5860011754778378,27.972558784229623,2.597620955728818,0.01950058397146715,14.49,1,1.0
20260409_194511_676518,SD,4000,1.0,1e-10,False,1.61,6.01,15,15.0045,253.582,0.5354291945670056,1.5724891093500224,24.13394754840796,0.3282392723308476,0.0610963488959774,14.335,1,1.0
20260409_194524_235562,SD,4000,1.0,1e-10,False,1.61,6.01,15,14.978,251.608,0.5381829526289018,1.5746433965183408,24.50942626886322,0.5233531179376776,0.045597873138528575,14.43,1,1.0
20260409_194537_828110,SD,4000,1.0,1e-10,False,1.61,6.01,15,15.0705,255.8725,0.5391782812048694,1.571484865096308,24.655021885283574,0.2639799138658212,0.015423351646948566,12.405,1,1.0
20260409_194551_630505,SD,4000,1.0,1e-10,False,1.61,6.01,15,15.088,257.085,0.5240216724768423,1.5852284234935372,27.857510697507724,2.503659590816298,0.014772101190335934,14.05,1,1.0
20260409_194605_209334,SD,4000,1.0,1e-10,False,1.61,6.01,15,15.102,256.716,0.5345366847429478,1.5771664460721786,25.672065040792084,0.5094711409499908,0.016411510981093842,13.695,1,1.0
20260409_194619_169523,SD,4000,1.0,1e-10,False,1.61,6.01,15,14.985,252.898,0.5359279008514807,1.5736276336101054,24.70046114202345,0.4220463752846335,0.0345246208532508,14.145,2,0.9975
20260409_194632_995867,SD,4000,1.0,1e-10,False,1.61,6.01,15,14.986,253.6035,0.5301355086573303,1.5757393771779387,25.191136579224597,0.4731532063234134,0.033734592779361264,14.89,1,1.0
20260409_194646_687347,SD,4000,1.0,1e-10,False,1.61,6.01,15,15.02,252.587,0.5224720294679995,1.5755059008189065,24.647519704604534,0.9850248831402375,0.015594000844201561,13.51,1,1.0
20260409_194700_185106,SD,4000,1.0,1e-10,False,1.61,6.01,15,15.1845,257.862,0.5292175351894258,1.5704461216710404,23.806019201755817,0.6661501434520254,0.04368545672205157,14.24,1,1.0
20260409_194713_632150,SD,4000,1.0,1e-10,False,1.61,6.01,15,15.105,257.195,0.5283205288699062,1.577674848247458,25.408158208934584,1.088764394715934,0.016247505840733208,13.52,1,1.0
20260409_194726_894881,SD,4000,1.0,1e-10,False,1.61,6.01,15,14.9675,251.6165,0.5367301132825787,1.5713512902818467,24.142377330965797,0.2559579117978501,0.05133901548863108,13.735,2,0.9975
20260409_194740_789828,SD,4000,1.0,1e-10,False,1.61,6.01,15,15.084,255.165,0.5295576806246566,1.5753770093027302,25.111277155863124,0.34684840693530816,0.0174337568277777,12.95,1,1.0
20260409_194753_920324,SD,4000,1.0,1e-10,False,1.61,6.01,15,14.9515,253.63,0.5336827600002859,1.5837440908180536,27.480287646880306,1.5157903477368535,0.02108431156730469,15.61,1,1.0
20260409_194813_130439,SD,4000,1.0,1e-10,False,1.61,6.01,15,15.0145,252.779,0.5396873114875508,1.567947349406262,23.41640309836334,0.47898603443390186,0.03663989584978748,13.145,3,0.995
20260409_194828_922166,SD,4000,1.0,1e-10,False,9.61,6.01,15,14.708,244.0645,0.38729991094401817,1.56010901584563,27.890185352866453,0.3360074438646272,0.007955818726444748,15.075,1,1.0
20260409_194844_331983,SD,4000,1.0,1e-10,False,9.61,6.01,15,14.816,248.5575,0.3875120573296431,1.57669658658753,31.36443521886028,1.0560282362255862,0.008293141128064613,15.8,1,1.0
20260409_194901_680873,SD,4000,1.0,1e-10,False,9.61,6.01,15,14.8065,249.1765,0.3903188586444433,1.576077503478386,31.318471040254515,0.16515470016087264,0.007988057765355926,15.85,2,0.9275
20260409_194916_204874,SD,4000,1.0,1e-10,False,9.61,6.01,15,14.757,247.4605,0.39317536696652283,1.579417215239243,31.77176860734164,0.13213365151474576,0.008141574462683376,15.465,2,0.9975
20260409_194930_887462,SD,4000,1.0,1e-10,False,9.61,6.01,15,14.8305,249.348,0.387296330680084,1.5693709950295416,29.627206565491154,0.7012376124755484,0.008031983305849897,17.585,1,1.0
20260409_194944_350934,SD,4000,1.0,1e-10,False,9.61,6.01,15,14.735,243.916,0.39108065371536294,1.5692547734774727,28.716858753098816,0.15158442634580283,0.0119975098863717,15.315,1,1.0
20260409_194955_478595,SD,3607,1.0,1e-10,False,9.61,6.01,15,14.746881064596618,248.25173274189078,0.3849166179045298,1.5792908651092978,32.70515977572242,0.4234303237520649,0.009934492726493774,17.977839335180054,2,0.7922437673130194
20260409_195010_516992,SD,4000,1.0,1e-10,False,9.61,6.01,15,14.6335,242.757,0.4007489758129061,1.5806713589747814,32.06380615450132,1.6675157387102963,0.011071866133221397,15.72,1,1.0
20260409_195024_072986,SD,4000,1.0,1e-10,False,9.61,6.01,15,14.7485,245.9585,0.39398400017272583,1.5894759823029219,36.653177225968456,3.5471239139706654,0.008118220094681066,16.535,1,1.0
20260409_195037_343857,SD,4000,1.0,1e-10,False,9.61,6.01,15,14.5675,240.645,0.3963457824652678,1.5874579761548633,35.01777612343558,2.5591021437259727,0.009515048810165265,15.34,2,0.9925
20260409_195049_676197,SD,3873,1.0,1e-10,False,9.61,6.01,15,14.837593596695068,248.23599277046216,0.39730427176322863,1.5481741798107158,26.199001811383493,0.19810928732597688,0.00814214950017044,16.185567010309278,1,1.0
20260409_195104_054135,SD,4000,1.0,1e-10,False,9.61,6.01,15,14.749,245.3795,0.3799212441621894,1.5790861809332704,31.8585881417912,0.8597565562777945,0.007321827652080071,15.22,1,1.0
20260409_195119_481947,SD,4000,1.0,1e-10,False,9.61,6.01,15,14.7845,246.578,0.3910518162246946,1.5868817034659795,34.77982500401571,3.2378514690080777,0.008431787018059592,14.975,1,1.0
20260409_195133_955342,SD,4000,1.0,1e-10,False,9.61,6.01,15,14.7635,245.756,0.39272452787983786,1.5871788471667485,35.11322638767222,2.957523913282074,0.009992125583683257,14.445,1,1.0
20260409_195147_478442,SD,4000,1.0,1e-10,False,9.61,6.01,15,14.7085,243.1955,0.4055277240381652,1.5868096280229174,34.621326704650606,2.935151435085583,0.0077839384039398215,15.645,1,1.0
20260409_195200_753214,SD,4000,1.0,1e-10,False,9.61,6.01,15,14.5985,238.8605,0.39092176908172926,1.5763829307903392,30.194783620929325,1.207073468156775,0.013278485380757592,15.42,1,1.0
20260409_195214_058101,SD,4000,1.0,1e-10,False,9.61,6.01,15,14.754,246.573,0.38827195700685396,1.5821782378355174,31.976561253765524,0.1117290787175591,0.009077991457517316,15.745,2,0.9325
20260409_195227_363360,SD,4000,1.0,1e-10,False,9.61,6.01,15,14.6795,242.498,0.39930402174030416,1.5562168395940752,26.990253989113707,0.31726010088185674,0.0067469781857022815,14.735,1,1.0
20260409_195242_782570,SD,4000,1.0,1e-10,False,9.61,6.01,15,14.6625,245.0935,0.3906430178521113,1.5865766816820188,35.71757787332139,0.9612574535589182,0.009239001628716794,15.83,6,0.9075
20260409_195256_059328,SD,4000,1.0,1e-10,False,9.61,6.01,15,14.7375,246.5235,0.39128740059629147,1.5714901250719224,30.181285230035076,0.2452213148178437,0.007695481804259301,15.395,1,1.0
20260409_195309_345623,SD,4000,1.0,1e-10,False,9.61,6.01,15,14.661,242.234,0.39556394128684197,1.5779265354643428,31.58789021894698,0.9491070254755734,0.007406786862679207,14.895,1,1.0
20260409_195322_640626,SD,4000,1.0,1e-10,False,9.61,6.01,15,14.658,242.3785,0.3861584302824042,1.5789491751424176,31.52840616126815,0.7605178490891014,0.007568636637060826,15.77,1,1.0
20260409_195337_014409,SD,4000,1.0,1e-10,False,9.61,6.01,15,14.8,247.204,0.40317969051919855,1.5707710460456168,29.969801112002813,0.5818476407933417,0.007539514162347283,14.565,2,0.9625
20260409_195350_337342,SD,4000,1.0,1e-10,False,9.61,6.01,15,14.8965,252.5255,0.3971960202531789,1.5830626963420302,31.97105263456633,0.09881329562385233,0.010441771859672693,16.44,1,1.0
20260409_195405_514626,SD,3954,1.0,1e-10,False,9.61,6.01,15,14.742539200809308,246.70561456752657,0.39919262202977507,1.5860957022142959,34.7523755232018,1.5264544152038582,0.008833503969523367,15.474747474747474,1,1.0
20260409_195419_535463,SD,4000,1.0,1e-10,False,9.61,6.01,15,14.8155,249.1925,0.3887415464530902,1.5859938231460888,34.8209082287549,1.9208883156260583,0.009520825501637976,15.525,3,0.86
20260409_195433_266477,SD,4000,1.0,1e-10,False,9.61,6.01,15,14.726,245.4885,0.39604150935317217,1.5803967412166444,32.75832211363245,0.9368182364036741,0.007226890437914138,14.98,1,1.0
20260409_195446_779258,SD,4000,1.0,1e-10,False,9.61,6.01,15,14.7995,247.8285,0.39289850600074827,1.5693854446727429,29.83339188994709,0.17139790232590713,0.008368965214398925,16.445,1,1.0
20260409_195500_429384,SD,4000,1.0,1e-10,False,9.61,6.01,15,14.8445,252.56,0.3977557493008803,1.5891470670937706,36.914637282778166,2.987137696681202,0.010595683888101653,16.53,5,0.9175
20260409_195514_062334,SD,4000,1.0,1e-10,False,9.61,6.01,15,14.695,243.4925,0.3851723376326692,1.5707700150434354,29.602810572680795,0.3873570205414545,0.008471653081774722,14.86,4,0.785
20260409_195527_416981,SD,4000,1.0,1e-10,False,9.61,6.01,15,14.8445,250.9765,0.3983834328401249,1.5852355620986336,34.60195151718414,1.8948558883135185,0.008792498410181673,15.835,1,1.0
20260409_195542_231552,SD,4000,1.0,1e-10,False,9.61,6.01,15,14.671,241.9325,0.3999408843736742,1.5743379070391441,30.13358354186497,0.5401404425750513,0.008307316464031992,15.435,1,1.0
20260409_195558_153265,SD,4000,1.0,1e-10,False,9.61,6.01,15,14.761,246.6565,0.40088707406016916,1.5904496184793955,37.09162336499417,4.65918898744804,0.008192304058048284,14.19,19,0.8175
20260409_195611_798443,SD,4000,1.0,1e-10,False,9.61,6.01,15,14.5905,240.1705,0.39161521363579754,1.5873907503165394,30.692190923132934,0.08044749629484116,0.00964738363099892,15.92,1,1.0
20260409_195625_246443,SD,4000,1.0,1e-10,False,9.61,6.01,15,14.7835,247.9525,0.3919863192240884,1.5700756406537362,30.918379338138486,0.6147805637257733,0.012103436246575087,16.06,1,1.0
20260409_195638_611702,SD,4000,1.0,1e-10,False,9.61,6.01,15,14.6335,241.976,0.39895559924904334,1.579457938264213,31.40663913112878,1.5135641831577828,0.008449632437638604,15.385,1,1.0
20260409_195652_108501,SD,4000,1.0,1e-10,False,9.61,6.01,15,14.648,241.205,0.397336584271702,1.5686721626547835,28.79880391518766,0.9161178295719417,0.0074172586293945325,14.755,2,0.9925
20260409_195705_625451,SD,4000,1.0,1e-10,False,9.61,6.01,15,14.7575,247.1875,0.40354723220235733,1.5911438390419408,38.098849766520786,3.770660644020449,0.00894753459638912,14.655,9,0.88
20260409_195719_768702,SD,4000,1.0,1e-10,False,9.61,6.01,15,14.763,246.216,0.39349546371387645,1.573191524960886,30.58478464076128,0.1490704562755809,0.007369079934211854,15.805,2,0.96
20260409_195734_729413,SD,4000,1.0,1e-10,False,9.61,6.01,15,14.8095,249.872,0.402018880230959,1.5815457326273024,33.54756873616923,0.662812935574884,0.009257711839029568,16.08,1,1.0
20260409_195750_613621,SD,4000,1.0,1e-10,False,9.61,6.01,15,14.709,243.2045,0.39704297954121015,1.5812001583790594,32.407044285660156,1.0695171356825526,0.0072780495171192346,14.845,2,0.9875
20260409_195819_271363,SD,4000,1.0,1e-10,False,9.61,6.01,15,14.7055,244.414,0.38697871227943403,1.5858506676180437,34.20487577650278,2.273842987599892,0.007464121809949264,16.645,1,1.0
20260409_195837_008304,SD,4000,1.0,1e-10,False,9.61,6.01,15,14.5595,236.786,0.3949573603220005,1.5679268917740383,28.10911526369691,0.7830874578136111,0.009709776026115887,14.755,1,1.0
20260409_195850_274754,SD,3709,1.0,1e-10,False,9.61,6.01,15,14.826098678889188,249.29576705311405,0.38842496188062225,1.553204356140772,27.137936124111583,0.15442155478397623,0.008782185426851647,14.021563342318059,3,0.9433962264150944
20260409_195903_589593,SD,4000,1.0,1e-10,False,9.61,6.01,15,14.6915,243.8025,0.3910795170749288,1.6982016383797023,23.822698794321347,0.019641673138082183,0.0070172992878387115,14.845,3,0.7775
20260409_195917_009748,SD,4000,1.0,1e-10,False,9.61,6.01,15,14.799,249.702,0.39895023557106607,1.5705987025591497,30.656241987938184,0.30473169250220167,0.008568006630281184,14.82,1,1.0
20260409_195930_654026,SD,4000,1.0,1e-10,False,9.61,6.01,15,14.655,241.729,0.3923489067684322,1.57686058054361,31.088363103736214,0.5318167784010654,0.007314874364600049,14.78,2,0.8175
20260409_195944_157714,SD,4000,1.0,1e-10,False,9.61,6.01,15,14.737,245.4885,0.39623744768722796,1.5858118996077368,34.35068063141344,2.17131306816718,0.008869639912603351,15.13,3,0.98
20260409_195959_784131,SD,4000,1.0,1e-10,False,9.61,6.01,15,14.7935,248.0465,0.39321535536266833,2.6872582347631684,9.339768521585272,0.00263480066742261,0.008004931800172402,15.29,1,1.0
20260409_200018_933451,SD,4000,1.0,1e-10,False,9.61,6.01,15,14.752,245.2595,0.40068866470133585,1.5789751061655541,31.770882573564467,1.211945865633794,0.009156587078946855,16.125,1,1.0
20260409_200033_351983,SD,4000,1.0,1e-10,False,9.61,6.01,15,14.83,249.162,0.3986865689492783,1.5893834487787546,36.64967478579,2.512443902809899,0.008365563337291009,14.865,6,0.805
20260409_200046_341088,SD,4000,1.0,1e-10,False,9.61,6.01,15,14.6595,243.581,0.3911693398305389,1.5685987713111276,29.686004664405775,0.1840223603756428,0.007601582636586197,14.925,1,1.0
20260409_200059_287056,SD,4000,1.0,1e-10,False,9.61,6.01,15,14.6005,239.6245,0.38758705745644856,1.5742412082335973,30.31754358616005,0.42891196262227993,0.008159316796777479,16.25,1,1.0
20260409_200112_480108,SD,3999,1.0,1e-10,False,9.61,6.01,15,14.738684671167793,244.74968742185547,0.3958106135356311,1.759441822598323,17.702288683686966,0.010640880052065427,0.007903202601549902,14.72,1,1.0
20260409_200125_493352,SD,4000,1.0,1e-10,False,9.61,6.01,15,14.518,235.7075,0.4017066390868658,1.5788575103374602,30.766236878984333,1.7860647577670115,0.007376513450144385,15.8,1,1.0
20260409_200138_461436,SD,4000,1.0,1e-10,False,9.61,6.01,15,14.813,247.3415,0.39250765552374467,1.572411363023411,30.297979065759264,0.13911853633566196,0.00717174500215557,16.57,1,1.0
20260409_200151_727827,SD,3991,1.0,1e-10,False,9.61,6.01,15,14.811826609872213,247.173640691556,0.39362889925589273,1.5794323388430451,32.12066999226937,0.6768139242370417,0.008121535733476378,15.578947368421053,1,1.0
20260409_200204_686280,SD,4000,1.0,1e-10,False,9.61,6.01,15,14.804,248.399,0.4035361996732671,1.5881253023892525,35.822411390165854,2.6823935432876986,0.010822772159888664,16.29,1,1.0
20260409_200217_589069,SD,4000,1.0,1e-10,False,9.61,6.01,15,14.614,240.9025,0.4014793335508945,1.581812003131689,32.18671932516523,2.039908211904887,0.007035750891977102,14.305,3,0.9825
20260409_200232_070960,SD,3992,1.0,1e-10,False,9.61,6.01,15,14.857214428857715,249.0511022044088,0.39561149495235337,1.585980286163112,34.31206898234173,2.858462524694332,0.008213371135841753,15.73,1,1.0
20260409_200248_642831,SD,4000,1.0,1e-10,False,9.61,6.01,15,14.563,238.7285,0.38773659317577,1.5749296184682153,29.913105003522826,0.6350551657729113,0.008798882040041815,14.825,1,1.0
20260409_200302_155389,SD,4000,1.0,1e-10,False,9.61,6.01,15,14.6995,242.703,0.38767473314485423,1.5724618386784608,25.124331006336874,0.049002045139154404,0.00795543474877823,14.61,2,0.9725
20260409_200315_339430,SD,4000,1.0,1e-10,False,9.61,6.01,15,14.7295,244.36,0.400768389294945,1.578024473224475,31.381472994337646,0.7227003835849857,0.00823554505524641,15.895,1,1.0
20260409_200329_362067,SD,4000,1.0,1e-10,False,9.61,6.01,15,14.719,244.6495,0.39545630443798013,1.5699862240978668,29.010889934139858,0.13881708678886895,0.008362119571411999,14.41,4,0.7025
20260409_200343_365345,SD,4000,1.0,1e-10,False,9.61,6.01,15,14.7575,246.4445,0.3862579023277977,1.5832577814226947,32.99123606673063,2.8153785940016363,0.007358420892040857,14.85,4,0.8775
20260409_200356_291717,SD,4000,1.0,1e-10,False,9.61,6.01,15,14.7295,244.0905,0.39899719632998126,1.5805763814553615,31.984460717323035,0.9864208607105382,0.00901561799287837,16.0,1,1.0
20260409_200409_204016,SD,4000,1.0,1e-10,False,9.61,6.01,15,14.8175,248.6805,0.38419848294929365,1.5839638849136195,33.80188028553872,2.1622958448668044,0.009420761712902594,16.035,1,1.0
20260409_200422_685180,SD,4000,1.0,1e-10,False,9.61,6.01,15,14.8245,247.9545,0.39337105674124123,1.572717866160743,30.29583407853854,0.3070759487457764,0.007648910676523017,15.82,1,1.0
20260409_200436_137672,SD,3997,1.0,1e-10,False,9.61,6.01,15,14.686014510883162,242.28071053289966,0.39894160196605427,1.5694653166270665,29.13204535751116,0.4034223328722568,0.008886080905296597,14.735,2,0.98
20260409_200449_474916,SD,4000,1.0,1e-10,False,9.61,6.01,15,14.741,247.6395,0.4033568186465253,1.5870151917296027,35.20005408426564,3.012895992977654,0.011200345205667175,16.745,1,1.0
20260409_200502_744802,SD,4000,1.0,1e-10,False,9.61,6.01,15,14.558,237.6865,0.38612632913357625,1.5754226195216905,29.74723716995863,1.3428934578133749,0.007876133107936497,14.58,1,1.0
20260409_200516_021514,SD,4000,1.0,1e-10,False,9.61,6.01,15,14.6365,240.7805,0.3940799519733923,1.5576243117776054,26.78653354472136,0.5493638015754385,0.006765562321214155,14.395,1,1.0
20260409_200530_203592,SD,4000,1.0,1e-10,False,9.61,6.01,15,14.7985,247.8335,0.4027151978867215,1.5776141676866007,31.50112448229792,1.0092819648164735,0.007689160868373357,15.48,1,1.0
20260409_200543_134544,SD,4000,1.0,1e-10,False,9.61,6.01,15,14.7555,246.6105,0.4042732301052908,1.5689726386290614,29.592165900378877,0.6534303102268133,0.014084540016339088,16.205,1,1.0
20260409_200556_098764,SD,4000,1.0,1e-10,False,9.61,6.01,15,14.7125,243.821,0.3847705202039732,1.5813486812156938,32.63374302106282,1.0893279026959704,0.00783603088575238,16.085,1,1.0
20260409_200610_052628,SD,4000,1.0,1e-10,False,9.61,6.01,15,14.747,247.0915,0.39512680297682923,1.5896096466716931,37.35276912467698,1.717766094736703,0.008390206664201537,14.65,4,0.975
20260409_200624_045443,SD,4000,1.0,1e-10,False,9.61,6.01,15,14.869,250.037,0.3943822397240166,1.57939258649421,32.90263472117706,0.4686876603707688,0.0075775835869508045,15.94,1,1.0
20260409_200639_063294,SD,4000,1.0,1e-10,False,9.61,6.01,15,14.8945,250.364,0.39376361118030123,1.5778626327083707,31.44622525913383,1.417981424039084,0.007106770955310997,14.785,1,1.0
20260409_200652_032830,SD,4000,1.0,1e-10,False,9.61,6.01,15,14.662,242.0575,0.3996965516978978,1.5814000525649032,32.14242893895247,2.0238551773551023,0.009543325323086013,15.44,1,1.0
20260409_200707_065227,SD,4000,1.0,1e-10,False,9.61,6.01,15,14.5515,237.346,0.4026422006550206,1.5757350705942876,30.246142856858235,0.8548707314840946,0.008086313749746906,15.635,1,1.0
20260409_200721_069933,SD,4000,1.0,1e-10,False,9.61,6.01,15,14.6235,240.507,0.395615550806254,1.5832194244218825,33.04647709255342,0.6956425998016442,0.008175237397245747,15.33,3,0.8775
20260409_200735_099236,SD,4000,1.0,1e-10,False,9.61,6.01,15,14.746,246.266,0.39996568076514916,1.5675007788505377,29.440718626820583,0.15386859494836713,0.010608170751959219,15.68,1,1.0
20260409_200749_147779,SD,4000,1.0,1e-10,False,9.61,6.01,15,14.7835,248.359,0.3895049182531907,1.5777053035059594,31.567726104126816,0.8040653501509425,0.012201836989616138,16.49,1,1.0
20260409_200802_088885,SD,4000,1.0,1e-10,False,9.61,6.01,15,14.7065,244.724,0.3840292625400999,1.5552671963019447,27.095270895817965,0.12082265311969209,0.008643750834921683,14.715,1,1.0
20260409_200815_047316,SD,4000,1.0,1e-10,False,9.61,6.01,15,14.625,240.235,0.3858284636942292,1.5817808843611203,32.47430126133172,0.8551420358580266,0.010810864003762294,15.905,1,1.0
20260409_200829_027681,SD,4000,1.0,1e-10,False,9.61,6.01,15,14.5425,236.8305,0.3955376322635761,1.5624473320251377,27.44978197571333,0.28235695381508563,0.007855407135110938,14.92,3,0.9925
20260409_200841_970770,SD,4000,1.0,1e-10,False,9.61,6.01,15,14.705,243.1765,0.3886591812995665,1.5826236348353033,33.54087540168312,0.6948175085774331,0.008157100209012624,14.7,2,0.9975
20260409_200855_978442,SD,4000,1.0,1e-10,False,9.61,6.01,15,14.7575,247.3545,0.4006974756085218,1.5773076435492488,31.489371928261843,0.1444395213176577,0.007584508894579186,15.22,3,0.7825
20260409_200908_922429,SD,4000,1.0,1e-10,False,9.61,6.01,15,14.7365,245.4925,0.38851042649100115,2.9508576008531717,4.707931625653452,0.0011961858534235148,0.010815355360502283,16.15,2,0.8175
20260409_200921_865622,SD,4000,1.0,1e-10,False,9.61,6.01,15,14.698,241.503,0.403314713245115,1.5833445168434475,32.53647296734517,3.212467024461663,0.009530179817131872,15.345,1,1.0
20260409_200934_944780,SD,4000,1.0,1e-10,False,9.61,6.01,15,14.7385,245.613,0.3906692130192578,1.5798760037466217,33.316895195511734,0.37879387024245403,0.007897466574981662,15.86,1,1.0
20260409_200947_903572,SD,4000,1.0,1e-10,False,9.61,6.01,15,14.7565,246.6915,0.3950032992741823,1.5657374125620687,28.970080673764308,0.3991735253070381,0.009126197124869718,17.55,1,1.0
20260409_201000_834842,SD,4000,1.0,1e-10,False,9.61,6.01,15,14.7135,243.606,0.38282586886337383,1.560479261945327,27.0599192299204,0.11660584817797215,0.006932009387129056,14.75,4,0.7125
20260409_201015_877585,SD,4000,1.0,1e-10,False,9.61,6.01,15,14.8265,250.3045,0.38982251280088637,1.577058815706332,32.867893211136696,0.49798112072646106,0.007665005508223669,16.45,1,1.0
20260409_201028_834185,SD,4000,1.0,1e-10,False,9.61,6.01,15,14.8055,248.2935,0.3961560351661189,1.580798661219064,32.55508883477732,1.5470044577978257,0.00879891989501353,15.55,1,1.0
20260409_201041_811852,SD,4000,1.0,1e-10,False,9.61,6.01,15,14.75,245.197,0.3948147216866105,1.5663387861764166,29.210736058598133,0.3639532322330794,0.008395146925943613,14.815,3,0.9025
20260409_201054_763237,SD,4000,1.0,1e-10,False,9.61,6.01,15,14.823,247.67,0.39758043898873985,1.5772084828511221,31.30105131982881,1.4965008875889403,0.008569320027315015,15.535,2,0.9475
20260409_201107_721776,SD,4000,1.0,1e-10,False,9.61,6.01,15,14.6695,241.1115,0.38814969365688795,1.5747428933840306,30.2156072268693,0.7757708430777264,0.008475663852902873,15.26,1,1.0
20260409_201121_654330,SD,4000,1.0,1e-10,False,9.61,6.01,15,14.698,243.5215,0.3927528555950045,1.580740491317849,31.849869351810163,1.3589225441883706,0.0076981246928955445,15.86,3,0.9525
20260409_201134_622479,SD,4000,1.0,1e-10,False,9.61,6.01,15,14.6435,241.5955,0.39880603353623273,1.5754388186059336,30.602028937173145,0.4465255182866059,0.008339885632110062,15.7,1,1.0
20260409_201407_862009,SD,3993,1.0,1e-10,False,1.61,2.41,15,15.524668169296268,1169.1795642374154,0.5326364149609484,1.6033453423577415,83.17012885631262,19.791223607305277,0.01567637689103227,27.935,1,1.0
20260409_201424_121136,SD,3995,1.0,1e-10,False,1.61,2.41,15,15.507884856070088,1162.0155193992491,0.5316397988048076,1.6033927230179885,83.8455907454319,21.670961868872944,0.014081381587694224,27.065,1,1.0
20260409_201441_732516,SD,3997,1.0,1e-10,False,1.61,2.41,15,15.484113084813611,1192.8051038278709,0.5344310533899891,1.6033493219411858,83.7324076424927,17.24361757640834,0.015181481535113022,28.145,1,1.0
20260409_201500_126842,SD,3998,1.0,1e-10,False,1.61,2.41,15,15.413206603301651,1133.4687343671835,0.5327670755546586,1.6033443898854451,82.70588160769145,19.00174000546911,0.013676738166921219,27.24,1,1.0
20260409_201517_183036,SD,3997,1.0,1e-10,False,1.61,2.41,15,15.329497122842131,1159.350012509382,0.5265473319350664,1.6033541885644562,82.6738196173295,19.314264006519736,0.013263851335949164,26.805,1,1.0
20260409_201534_768552,SD,3999,1.0,1e-10,False,1.61,2.41,15,15.473368342085521,1193.931982995749,0.5286550550764639,1.6033648687978317,83.76655486154056,18.487359070859007,0.013579420671715886,27.99,1,1.0
20260409_201553_033727,SD,3995,1.0,1e-10,False,1.61,2.41,15,15.472340425531915,1181.527909887359,0.5358883092015907,1.6033901123184973,83.79595685169073,20.999743794339295,0.013191708160797752,27.505,1,1.0
20260409_201610_913387,SD,3996,1.0,1e-10,False,1.61,2.41,15,15.50950950950951,1187.7592592592594,0.5387892281365727,1.6034005396708797,84.32680584161791,20.9052561024437,0.014055636286776346,28.08,1,1.0
20260409_201629_443131,SD,3998,1.0,1e-10,False,1.61,2.41,15,15.506753376688344,1225.1955977988994,0.5289412392149551,1.6034091022969401,84.76590995167584,19.094286087671563,0.013383075895900428,27.8,1,1.0
20260409_201648_712057,SD,3997,1.0,1e-10,False,1.61,2.41,15,15.493620215161371,1190.1666249687266,0.5267970761718126,1.6033305949861574,82.86530652305409,19.47185774518737,0.014659355881975061,27.52,1,1.0
20260409_201706_212829,SD,3999,1.0,1e-10,False,1.61,2.41,15,15.572393098274569,1192.3875968992247,0.5350904893108184,1.603464475977822,85.31147621799511,23.385812523390598,0.011341137847465764,26.705,1,1.0
20260409_201724_116315,SD,3995,1.0,1e-10,False,1.61,2.41,15,15.34267834793492,1181.8317897371714,0.5333750528477043,1.6033739697517313,83.23961257495338,20.198256169316053,0.013418749178860897,27.635,1,1.0
20260409_201743_739913,SD,3997,1.0,1e-10,False,1.61,2.41,15,15.540655491618715,1208.771578684013,0.5386317184306949,1.6034051816687294,85.03417145253698,18.325774491506976,0.013314439616788283,27.58,1,1.0
20260409_201801_604504,SD,3998,1.0,1e-10,False,1.61,2.41,15,15.522761380690346,1207.1335667833916,0.5232216187860776,1.6034153273071536,84.62581857071467,20.979488050102404,0.012822184426378287,27.345,1,1.0
20260409_201819_808914,SD,3996,1.0,1e-10,False,1.61,2.41,15,15.707707707707709,1174.2217217217217,0.5252861197592521,1.6034086583910545,84.25825763438864,23.027994108061698,0.010877672474094203,26.09,1,1.0
20260409_201838_715103,SD,3994,1.0,1e-10,False,1.61,2.41,15,15.499749624436655,1194.7926890335502,0.5341918606811759,1.6033716460239185,83.75904548657313,18.9141296829317,0.013930969271790977,28.05,1,1.0
20260409_201857_379763,SD,3997,1.0,1e-10,False,1.61,2.41,15,15.541155866900175,1180.0035026269702,0.5366374730809437,1.6033616639598132,83.65941013807398,20.386911464808776,0.01451944679095797,28.015,1,1.0
20260409_201916_371568,SD,3992,1.0,1e-10,False,1.61,2.41,15,15.554609218436873,1190.3426853707415,0.5336378183183268,1.603456202518266,85.38080494086414,21.282538303914116,0.011824249352559487,27.205,1,1.0
20260409_201935_348650,SD,3998,1.0,1e-10,False,1.61,2.41,15,15.52976488244122,1191.7473736868435,0.5343313204389231,1.6033575320769289,83.39039930211595,20.06661596820021,0.014369223026356742,27.785,1,1.0
20260409_201954_458266,SD,3994,1.0,1e-10,False,1.61,2.41,15,15.617926890335504,1213.5257886830245,0.5340700317400863,1.6033947743315327,84.58485864387447,18.96318392067915,0.014031971275269086,27.815,1,1.0
20260409_202014_305470,SD,3994,1.0,1e-10,False,1.61,2.41,15,15.583375062593891,1219.1572358537808,0.5347727105753145,1.6034398989962635,85.20820434220605,20.03172304380096,0.013389049444615865,27.47,1,1.0
20260409_202032_754669,SD,3997,1.0,1e-10,False,1.61,2.41,15,15.538153615211408,1218.9752314235677,0.5367928689725187,1.6034711538235054,85.38363357865596,23.493715037882566,0.012158099802761377,27.325,1,1.0
20260409_202050_264836,SD,3997,1.0,1e-10,False,1.61,2.41,15,15.554665999499624,1196.26369777333,0.5345881709703681,1.6033605635011012,83.28848567711574,21.024726752817536,0.012993965617168061,26.88,1,1.0
20260409_202108_868028,SD,3992,1.0,1e-10,False,1.61,2.41,15,15.603206412825651,1213.686873747495,0.5367619965203237,1.6035024216979155,86.46103369783839,23.951445765671373,0.01255532185554057,27.58,1,1.0
20260409_202126_179636,SD,3999,1.0,1e-10,False,1.61,2.41,15,15.59039759939985,1188.1270317579394,0.538711702373773,1.6033607862449177,83.86784252517344,18.43509455278526,0.013675263315455884,27.76,1,1.0
20260409_202142_825166,SD,3997,1.0,1e-10,False,1.61,2.41,15,15.445083812859645,1195.4360770577935,0.5373813381257622,1.6034401916143484,84.78058821754357,20.584516123465242,0.011158608725465083,26.88,1,1.0
20260409_202200_107599,SD,3997,1.0,1e-10,False,1.61,2.41,15,15.471103327495621,1177.7077808356266,0.5230839796223155,1.6032958138401308,82.17723232841352,18.399114022043598,0.014876832517921776,27.34,1,1.0
20260409_202217_687536,SD,3996,1.0,1e-10,False,1.61,2.41,15,15.458458458458459,1148.6136136136136,0.5347276974978794,1.6034467538703612,84.54914447552756,22.95414331509378,0.013022364756470494,27.1,1,1.0
20260409_202235_941147,SD,3997,1.0,1e-10,False,1.61,2.41,15,15.54315736802602,1175.4420815611709,0.5422414806201156,1.6033903646962462,84.47207125040694,17.665938362714094,0.013667802258535157,27.64,1,1.0
20260409_202254_640001,SD,3996,1.0,1e-10,False,1.61,2.41,15,15.334334334334335,1193.631131131131,0.5309105452052308,1.6034908950695017,85.26010647507793,23.69679065401607,0.012259564942772465,27.765,1,1.0
20260409_202311_905700,SD,3993,1.0,1e-10,False,1.61,2.41,15,15.3809166040571,1163.3413473578762,0.5290098096285841,1.6034657938676657,84.84441884026609,21.966338104636904,0.011596723043752293,27.76,1,1.0
20260409_202330_537245,SD,3994,1.0,1e-10,False,1.61,2.41,15,15.471707561342013,1190.6905358037056,0.535788231746936,1.6035105381505401,86.28661242326615,23.486880555585763,0.012281283992222176,27.74,1,1.0
20260409_202347_750843,SD,3998,1.0,1e-10,False,1.61,2.41,15,15.35167583791896,1165.9379689844923,0.5335120394897119,1.6033836850822205,83.14830113508583,21.58841113960517,0.013733388014259244,27.095,1,1.0
20260409_202405_351192,SD,3994,1.0,1e-10,False,1.61,2.41,15,15.477716574862294,1170.1782674011017,0.5377843032815056,1.6035495021308044,86.89769668795412,24.35250427165549,0.012939739762711441,27.61,1,1.0
20260409_202423_974306,SD,3995,1.0,1e-10,False,1.61,2.41,15,15.483354192740926,1178.8735919899875,0.5387770776423934,1.6033262310379628,82.5574700528142,18.984905963657283,0.013469144573480921,27.135,1,1.0
20260409_202448_321556,SD,3998,1.0,1e-10,False,1.61,2.41,15,15.333666833416709,1178.9099549774887,0.529987700855373,1.6033723954101364,83.01819423146675,20.171621860703006,0.012831414795693937,26.765,1,1.0
20260409_202505_955711,SD,3996,1.0,1e-10,False,1.61,2.41,15,15.512012012012011,1170.3993993993995,0.5427547272974391,1.6033095464862541,82.41856600662307,19.674412383220584,0.015057753795274688,27.505,1,1.0
20260409_202525_142009,SD,3996,1.0,1e-10,False,1.61,2.41,15,15.556056056056056,1165.0045045045044,0.53951191821324,1.6034685136480797,85.09349070996464,24.331107596830464,0.01148190435193905,26.395,1,1.0
20260409_202543_287463,SD,3997,1.0,1e-10,False,1.61,2.41,15,15.420565424068052,1203.614711033275,0.533076148586419,1.6034490780309472,84.96759366292663,21.079074168749052,0.012416159375073073,27.185,1,1.0
20260409_202600_021375,SD,3996,1.0,1e-10,False,1.61,2.41,15,15.514514514514515,1179.3983983983983,0.5261900365369997,1.6033568033461267,83.48922069870507,20.437794832220746,0.013666781188600648,27.465,1,1.0
20260409_202617_230164,SD,3995,1.0,1e-10,False,1.61,2.41,15,15.5188986232791,1198.7524405506883,0.536991303955798,1.6033180809121632,82.60081112517888,19.64910896874838,0.013631601871340422,27.025,1,1.0
20260409_202633_814093,SD,3993,1.0,1e-10,False,1.61,2.41,15,15.59579263711495,1207.3698973203107,0.5332300688742252,1.6033785498002453,83.68431338148574,21.689199744744833,0.013402856422267859,27.15,1,1.0
20260409_202650_401363,SD,3991,1.0,1e-10,False,1.61,2.41,15,15.576547231270359,1191.8621899273364,0.5450672346633546,1.603398782398081,84.66897836515008,18.096012965178332,0.014593463851178684,28.75187969924812,1,1.0
20260409_202707_111163,SD,3996,1.0,1e-10,False,1.61,2.41,15,15.552552552552553,1217.1421421421421,0.5370898560775138,1.6034620108002597,85.46544497749265,21.756012449902038,0.012709766711026525,27.645,1,1.0
20260409_202723_625234,SD,3999,1.0,1e-10,False,1.61,2.41,15,15.480370092523131,1212.9532383095775,0.5380533591508976,1.6034296023763603,84.77076608650677,19.862144969635906,0.012670062685514516,27.2,1,1.0
20260409_202740_156032,SD,3997,1.0,1e-10,False,1.61,2.41,15,15.490617963472605,1208.2001501125844,0.5438183170763708,1.6034582596454097,86.31633368341927,17.240522142682295,0.015039069128029816,29.23,1,1.0
20260409_202756_684522,SD,3999,1.0,1e-10,False,1.61,2.41,15,15.532883220805202,1212.296574143536,0.5361249216658107,1.6033969361265668,83.97524799284508,21.84397106361274,0.013006624949924673,27.455,1,1.0
20260409_202813_217690,SD,3995,1.0,1e-10,False,1.61,2.41,15,15.660075093867334,1224.3749687108887,0.537587561660548,1.60343089669715,85.41042687531277,20.062348769845926,0.013717436469059345,28.43,1,1.0
20260409_202829_502326,SD,4000,1.0,1e-10,False,1.61,2.41,15,15.5875,1210.609,0.5335413729383338,1.603404450824335,84.47202986647807,21.841438302027576,0.01324787755659934,27.555,1,1.0
20260409_202846_004047,SD,3997,1.0,1e-10,False,1.61,2.41,15,15.386539904928696,1162.493870402802,0.538199602867993,1.603359238490016,82.90445857311659,20.21030083417464,0.01394266608587956,27.39,1,1.0
20260409_202902_846429,SD,3998,1.0,1e-10,False,1.61,2.41,15,15.601300650325163,1195.4232116058029,0.535415988804245,1.6033805152258536,83.88712214328368,21.835176910675386,0.012893939454008832,27.115,1,1.0
20260409_202919_483638,SD,3996,1.0,1e-10,False,1.61,2.41,15,15.483483483483484,1176.4274274274273,0.5250141772828555,1.6034558347560812,84.9979411134721,22.294769367508678,0.012684437092273914,27.18,1,1.0
20260409_202936_313689,SD,3998,1.0,1e-10,False,1.61,2.41,15,15.477738869434717,1193.9629814907453,0.5256238731090854,1.6033574997333164,83.5703362604255,20.279776296110683,0.013788200136636553,27.99,1,1.0
20260409_202953_872754,SD,3999,1.0,1e-10,False,1.61,2.41,15,15.52188047011753,1223.8919729932484,0.5312398768197706,1.6034755704000276,85.541169954943,22.991239780024003,0.010531140457586305,26.79,1,1.0
20260409_203011_385948,SD,3994,1.0,1e-10,False,1.61,2.41,15,15.609414121181773,1202.0090135202804,0.537090420651253,1.6033638292328363,83.67535215297326,20.416747618778402,0.011819490161483199,26.91,1,1.0
20260409_203028_545956,SD,3996,1.0,1e-10,False,1.61,2.41,15,15.63863863863864,1194.9099099099099,0.5338986381914325,1.6033413058445352,83.28476428900886,19.76837067523394,0.01307035342633893,27.07,1,1.0
20260409_203045_500875,SD,3997,1.0,1e-10,False,1.61,2.41,15,15.524143107330499,1183.545158869152,0.5404222362604906,1.603459989528941,85.06851722921047,22.470265642417445,0.011676387606863244,27.135,1,1.0
20260409_203102_829461,SD,3996,1.0,1e-10,False,1.61,2.41,15,15.65865865865866,1199.7152152152153,0.5294754686126929,1.6033875755110027,84.34994390494303,20.874697658271245,0.013996170326254876,27.995,1,1.0
20260409_203122_487096,SD,3996,1.0,1e-10,False,1.61,2.41,15,15.686186186186186,1205.2447447447448,0.5537623980011516,1.6033934209418008,84.42727137418444,20.128555541431922,0.012445710020829618,27.51,1,1.0
20260409_203142_658722,SD,3993,1.0,1e-10,False,1.61,2.41,15,15.605309291259704,1211.7395442023542,0.5233633521853028,1.6034639226598355,85.66990335660343,22.22556513592866,0.011526523636056826,27.855,1,1.0
20260409_203200_519133,SD,3996,1.0,1e-10,False,1.61,2.41,15,15.522522522522523,1205.420920920921,0.5319383481983003,1.603557774257782,87.23985743887292,25.321297791030183,0.012701633515904634,28.05,1,1.0
20260409_203218_452170,SD,3999,1.0,1e-10,False,1.61,2.41,15,15.584396099024756,1190.0255063765942,0.5336054866958118,1.6033867591610158,83.98365663734225,21.723126953438708,0.01286220753019713,27.51,1,1.0
20260409_203236_306639,SD,3997,1.0,1e-10,False,1.61,2.41,15,15.39304478358769,1173.3415061295973,0.5243619051385667,1.6034207862489056,84.18644925552205,21.222861703275946,0.011453248590574507,27.21,1,1.0
20260409_203253_955279,SD,3996,1.0,1e-10,False,1.61,2.41,15,15.433433433433434,1175.0665665665665,0.5325992081359918,1.6033723100916921,83.45890525429873,18.74234890402048,0.015163171398238473,27.32,1,1.0
20260409_203311_003549,SD,3997,1.0,1e-10,False,1.61,2.41,15,15.544158118588943,1197.895921941456,0.5407347714586785,1.6034526213884126,85.04838573114434,22.496493704403505,0.010408795078226991,26.275,1,1.0
20260409_203328_636951,SD,3997,1.0,1e-10,False,1.61,2.41,15,15.530647985989493,1180.8016012009007,0.5422741111019402,1.6033238055944814,82.98173080504777,18.877651185202936,0.01312561106068398,27.165,1,1.0
20260409_203346_837183,SD,3993,1.0,1e-10,False,1.61,2.41,15,15.465564738292011,1196.5249186075632,0.5161154710795693,1.603633523333183,88.5819449319631,26.507687923545276,0.011167405435425652,28.195,1,1.0
20260409_203404_756473,SD,3998,1.0,1e-10,False,1.61,2.41,15,15.463731865932967,1209.312156078039,0.5300577309425115,1.6033632760730558,83.46585174308467,19.57703102619361,0.01328556980928397,27.28,1,1.0
20260409_203422_904895,SD,3996,1.0,1e-10,False,1.61,2.41,15,15.432932932932934,1191.8063063063064,0.5280025706565691,1.6033656631073792,83.97550433609787,16.909670271130416,0.014102671646626553,28.17,1,1.0
20260409_203439_927549,SD,3999,1.0,1e-10,False,1.61,2.41,15,15.5103775943986,1188.5281320330082,0.5377750882582036,1.6034051535194904,84.25240071119309,20.550867722284146,0.013649088644856101,27.765,1,1.0
20260409_203532_253480,SD,3999,1.0,1e-10,False,1.61,2.41,15,15.605901475368842,1245.0687671917979,0.537112319201607,1.60344889324216,85.6098494715825,20.318473508190607,0.011063461712701929,27.62,1,1.0
20260409_203550_253028,SD,3995,1.0,1e-10,False,1.61,2.41,15,15.431289111389237,1207.457321652065,0.5411036281227728,1.6034131131838203,83.95822412550909,22.135446098612654,0.012477782076005008,27.06,1,1.0
20260409_203607_194584,SD,3995,1.0,1e-10,False,1.61,2.41,15,15.542928660826032,1195.021777221527,0.530379359970014,1.6033191555804667,82.78771682125611,19.668171405495002,0.013290328840299754,27.37,1,1.0
20260409_203624_395740,SD,3998,1.0,1e-10,False,1.61,2.41,15,15.49024512256128,1176.6293146573287,0.5251764096840674,1.6033534838647245,83.20438598653186,20.512018892470294,0.014100781410483714,27.265,1,1.0
20260409_203641_557145,SD,3998,1.0,1e-10,False,1.61,2.41,15,15.462731365682842,1171.2451225612806,0.5263441437100088,1.6033128064904467,82.20731903324268,20.35794357820489,0.01328454856744136,27.23,1,1.0
20260409_203658_535700,SD,3997,1.0,1e-10,False,1.61,2.41,15,15.425569176882663,1146.1005754315736,0.5316894474250189,1.6033195121680315,82.4080493211569,18.387359404737218,0.014579019239143785,27.16,1,1.0
20260409_203715_676429,SD,3994,1.0,1e-10,False,1.61,2.41,15,15.517776664997497,1174.903355032549,0.5406240378026449,1.6033602457217484,83.41020468971813,19.497772881910485,0.014127450477346445,27.38,1,1.0
20260409_203732_458707,SD,3997,1.0,1e-10,False,1.61,2.41,15,15.416562421816362,1176.804103077308,0.5229727084260425,1.603475915710391,85.40846617071661,22.194717503968533,0.013431289586820903,28.155,1,1.0
20260409_203749_402424,SD,3993,1.0,1e-10,False,1.61,2.41,15,15.553218131730528,1196.748309541698,0.5313779153571451,1.603489939594248,85.73376339323578,23.246763913822704,0.011602499358146117,26.805,1,1.0
20260409_203806_919042,SD,3997,1.0,1e-10,False,1.61,2.41,15,15.430572929697274,1170.8901676257192,0.5349877771934067,1.6033367972193844,82.60164592339939,20.595212036178097,0.01283441265917423,26.965,1,1.0
20260409_203825_540739,SD,3998,1.0,1e-10,False,1.61,2.41,15,15.424212106053027,1178.0790395197598,0.5367073164126597,1.6033378323529255,82.92702543148319,17.97842497737001,0.013862588797978803,27.325,1,1.0
20260409_203844_370694,SD,3995,1.0,1e-10,False,1.61,2.41,15,15.508886107634543,1186.5156445556945,0.5237760227116294,1.6033551349923112,83.59255660559997,18.1326540082972,0.015476459129531307,27.695,1,1.0
20260409_203902_088033,SD,3995,1.0,1e-10,False,1.61,2.41,15,15.313642052565708,1172.5717146433042,0.5445604524862219,1.60338877576933,83.28485916628365,21.265868845567226,0.014518782540558328,27.425,1,1.0
20260409_203919_971856,SD,3996,1.0,1e-10,False,1.61,2.41,15,15.623623623623624,1173.9664664664665,0.5366730685009916,1.603417490459658,84.5609045186942,23.24730824137216,0.012448267339442817,27.295,1,1.0
20260409_203937_166992,SD,3998,1.0,1e-10,False,1.61,2.41,15,15.461730865432717,1202.8449224612307,0.537535505691435,1.603479125793912,85.62625866133517,21.50438069338071,0.011820564582446746,28.095,1,1.0
20260409_203953_903385,SD,3996,1.0,1e-10,False,1.61,2.41,15,15.44044044044044,1159.6536536536537,0.5396656837702845,1.6034479587935218,84.69875897019284,22.751063501358374,0.01310171345325222,27.19,1,1.0
20260409_204010_884904,SD,3998,1.0,1e-10,False,1.61,2.41,15,15.543771885942972,1189.495747873937,0.5325783872560225,1.603364879246287,83.80643378714402,20.03605389520117,0.01378292556907669,27.785,1,1.0
20260409_204027_705295,SD,3994,1.0,1e-10,False,1.61,2.41,15,15.610415623435152,1207.6514772158237,0.5316688525922559,1.6034527217631969,85.30038950714402,22.016985808974006,0.012156238547428495,27.725,1,1.0
20260409_204044_412426,SD,3996,1.0,1e-10,False,1.61,2.41,15,15.65865865865866,1207.8733733733734,0.5244928572132277,1.603456121710951,85.76637056263517,20.950989859377742,0.013794605106046033,27.92,1,1.0
20260409_204100_965643,SD,3995,1.0,1e-10,False,1.61,2.41,15,15.39224030037547,1167.6435544430537,0.5221851284347367,1.603416615967103,83.69969113248234,22.515548685353288,0.0114065419467613,26.445,1,1.0
20260409_204117_843185,SD,3994,1.0,1e-10,False,1.61,2.41,15,15.523785678517777,1184.3049574361542,0.5268942633371574,1.6033279224857824,83.20797069460313,18.359614486221396,0.01576029570444208,27.595,1,1.0
20260409_204134_357666,SD,3999,1.0,1e-10,False,1.61,2.41,15,15.525381345336335,1190.0065016254064,0.5288559969036648,1.603355002477488,83.40179211354489,21.14512700010492,0.013336149299466107,27.78,1,1.0
20260409_204151_165159,SD,3994,1.0,1e-10,False,1.61,2.41,15,15.528793189784677,1187.5543314972458,0.5317215304591631,1.6034601248347122,85.09370144704916,23.346343921190417,0.012121327298545979,27.24,1,1.0
20260409_204207_414838,SD,4000,1.0,1e-10,False,1.61,2.41,15,15.464,1176.9665,0.5301183488272769,1.6035159701532489,86.1670096224487,23.967155031323905,0.013171572500742346,27.38,1,1.0
20260409_204224_127543,SD,3996,1.0,1e-10,False,1.61,2.41,15,15.7002002002002,1226.0205205205204,0.5241580642298291,1.6035403663021572,87.46245528116226,24.81869887713941,0.012607757831670108,28.085,1,1.0
20260409_204240_846706,SD,3996,1.0,1e-10,False,1.61,2.41,15,15.518018018018019,1193.4974974974975,0.5306318084378272,1.6034138893802896,84.24834767275628,20.774664447087318,0.011522085146946848,26.73,1,1.0
20260409_204257_690471,SD,3998,1.0,1e-10,False,1.61,2.41,15,15.591795897948975,1171.0105052526262,0.5339506406207225,1.6033152538985254,82.6976312959214,20.422478818052426,0.014193547735781253,27.38,1,1.0
20260409_204314_528501,SD,3994,1.0,1e-10,False,1.61,2.41,15,15.495242864296445,1210.494241362043,0.5396998033634927,1.60332971640759,82.95839472471353,18.955656506102045,0.014181162667622892,27.565,1,1.0
20260409_204331_389376,SD,3998,1.0,1e-10,False,1.61,2.41,15,15.584292146073036,1178.1895947973987,0.5301770113731593,1.6033051982079447,82.72623861817597,18.715344170712342,0.01402597729930383,27.43,1,1.0
20260409_204348_057612,SD,3996,1.0,1e-10,False,1.61,2.41,15,15.527527527527528,1189.6751751751751,0.532861808458604,1.6032876607931477,82.22155878710609,19.438677314210615,0.015381077066395585,27.37,1,1.0
